"slug","title","company","location","work_mode","employment_type","database_category","suggested_category","suggested_score","secondary_categories","matched_terms","summary","apply_url"
"gtm-devops-engineer-clickup","GTM DevOps Engineer","ClickUp","United States","remote","full_time","DevOps / SRE","Cloud & Infrastructure","18","","title:devops engineer | text:sre | title:devops","GTM DevOps Engineer role supporting revenue systems, customer operations automation, and technical workflow improvements.","https://jobs.ashbyhq.com/clickup/ec1b5de9-91bd-45a8-abfd-e8b2543433c0"
"staff-devops-engineer-the-athletic","Staff DevOps Engineer","The Athletic","United States","remote","full_time","DevOps / SRE","Cloud & Infrastructure","26","","title:devops engineer | text:sre | description:cloud | summary:infrastructure | title:devops | summary:reliability","Staff DevOps Engineer role supporting infrastructure, reliability, and engineering operations for a major sports media platform.","https://jobs.lever.co/theathletic/93db23fa-54ea-481e-93f2-074180035fc1"
"devops-engineer-mangomint","DevOps Engineer","Mangomint","United States","remote","full_time","DevOps / SRE","Cloud & Infrastructure","27","","title:devops engineer | text:sre | summary:cloud | summary:infrastructure | title:devops | summary:reliability","DevOps Engineer role supporting infrastructure, release automation, production reliability, and cloud operations for a SaaS platform.","https://jobs.ashbyhq.com/mangomint/e7dd898c-10fc-41c8-ab44-8bc5e6ffe005"
"staff-devops-engineer-developer-infrastructure-luxury-presence","Staff DevOps Engineer - Developer Infrastructure","Luxury Presence","United States","remote","full_time","DevOps / SRE","Cloud & Infrastructure","31","Technology & Engineering","summary:infrastructure engineer | title:devops engineer | text:sre | description:cloud | title:infrastructure | title:devops","Staff DevOps Engineer role focused on developer infrastructure, engineering productivity, and remote platform operations.","https://jobs.lever.co/luxurypresence/874c2c77-44ed-4f23-ac9d-e21fad79028e"
"senior-configuration-engineer-product-appsec-veeam-software","Senior Configuration Engineer, Product AppSec","Veeam Software","Remote, United States","remote","full_time","Cybersecurity","Cybersecurity","24","Technology & Engineering","text:cybersecurity | summary:application security | summary:security | db_category:Cybersecurity","Senior Product Application Security configuration role supporting release engineering, platform engineering, Azure DevOps, and secure software supply chain workflows.","https://boards.greenhouse.io/veeamsoftware/jobs/4744813101"
"sr-infrastructure-security-engineer-prosper","Sr. Infrastructure Security Engineer","Prosper","United States","remote","full_time","Cybersecurity","Cybersecurity","55","","text:cybersecurity | title:security engineer | title:infrastructure security | summary:cloud security | summary:endpoint security | title:security | summary:risk reduction | db_category:Cybersecurity","Senior Infrastructure Security Engineer role focused on cloud security, endpoint security, GCP, Azure, Terraform, and risk reduction.","https://jobs.lever.co/prosper/f7b49eca-94cd-4bef-8066-6399bf6b6f16"
"security-engineer-cloud-ramp","Security Engineer, Cloud","Ramp","New York, NY / Miami, FL / Remote US","hybrid","full_time","Cybersecurity","Cybersecurity","48","","text:cybersecurity | title:security engineer | summary:infrastructure security | summary:cloud security | description:vulnerability management | title:security | description:vulnerability | db_category:Cybersecurity","Cloud Security Engineer role supporting cloud infrastructure security, security automation, and platform protection for a financial technology company.","https://jobs.ashbyhq.com/ramp/34413f8d-26bf-4bbc-8ade-eb309a0e2245"
"application-security-engineer-easypost","Application Security Engineer","EasyPost","Remote","remote","full_time","Cybersecurity","Cybersecurity","52","Technology & Engineering","text:cybersecurity | title:security engineer | title:application security | summary:vulnerability management | title:security | summary:vulnerability | summary:security practices | db_category:Cybersecurity","Application Security Engineer role strengthening software security, vulnerability management, and developer security practices for a shipping API platform.","https://jobs.lever.co/easypost-2/12a93c1a-2dbb-4d5a-b0c6-38518b05eb90"
"senior-application-security-engineer-canary-technologies","Senior Application Security Engineer","Canary Technologies","United States","remote","full_time","Cybersecurity","Cybersecurity","40","","text:cybersecurity | title:security engineer | title:application security | title:security | db_category:Cybersecurity","Senior Application Security Engineer role embedding security into software development for a hospitality technology platform.","https://jobs.lever.co/canarytechnologies/04709e11-b0fe-4cb0-b38b-764b1f939b36"
"sr-application-security-engineer-lumin-digital","Sr. Application Security Engineer","Lumin Digital","Remote - United States","remote","full_time","Cybersecurity","Cybersecurity","42","","text:cybersecurity | title:security engineer | title:application security | title:security | description:vulnerability | db_category:Cybersecurity","Senior Application Security Engineer role securing a B2B2C SaaS platform across the software development lifecycle.","https://jobs.lever.co/LuminDigital/b1229ea3-a255-444a-bdc0-bcf8bc0046fd"
"cyber-security-engineer-lumin-digital","Cyber Security Engineer","Lumin Digital","Remote - United States","remote","full_time","Cybersecurity","Cybersecurity","45","","description:cybersecurity | title:cyber security | title:security engineer | description:cloud security | title:security | db_category:Cybersecurity","Cyber Security Engineer role protecting a cloud-hosted digital banking platform through automation, telemetry, and secure infrastructure controls.","https://jobs.lever.co/LuminDigital/332ef539-98f8-43fc-94ff-d56a7ce930da"
"site-reliability-engineer-storage-layer-mongodb","Site Reliability Engineer, Storage Layer","MongoDB","Remote, United States","remote","full_time","DevOps / SRE","Cloud & Infrastructure","26","","title:site reliability engineer | description:sre | summary:cloud | summary:infrastructure | text:devops | title:reliability","Site Reliability Engineer role supporting storage-layer reliability, distributed systems, automation, and cloud infrastructure.","https://boards.greenhouse.io/mongodb/jobs/7743366"
"senior-platform-engineer-simplesense","Senior Platform Engineer","Simplesense","Remote","remote","full_time","DevOps / SRE","Technology & Engineering","20","Cloud & Infrastructure","title:platform engineer | description:engineering | title:platform | summary:systems","Senior Platform Engineer role supporting mission-critical cloud operations, infrastructure automation, and production systems.","https://boards.greenhouse.io/simplesense/jobs/4288296009"
"lead-domain-engineering-specialist-veeam-software","Lead Domain Engineering Specialist","Veeam Software","Remote","remote","full_time","Cybersecurity","Cybersecurity","34","Technology & Engineering","summary:cybersecurity | description:cloud security | summary:data security | summary:security | summary:governance-focused technical | db_category:Cybersecurity","Lead Domain Engineering Specialist role supporting cybersecurity, data security, AI security, cloud architecture, and governance-focused technical solutions.","https://boards.greenhouse.io/veeamsoftware/jobs/4877999101"
"senior-infrastructure-engineer-blacksky","Senior Infrastructure Engineer","BlackSky","Remote / Herndon, VA / Seattle, WA","hybrid","full_time","DevOps / SRE","Cloud & Infrastructure","26","","title:infrastructure engineer | text:sre | description:cloud | title:infrastructure | text:devops | description:reliability | summary:kubernetes","Senior Infrastructure Engineer role supporting Kubernetes, GitOps, and mission-critical infrastructure for geospatial intelligence technology.","https://boards.greenhouse.io/blacksky/jobs/8598751002"
"sr-devops-engineer-aws-megazone-cloud-us","Sr. DevOps Engineer AWS","Megazone Cloud US","United States - Remote","remote","full_time","DevOps / SRE","Cloud & Infrastructure","31","","title:devops engineer | text:sre | summary:cloud | summary:infrastructure | title:devops | description:reliability | title:aws","Senior AWS DevOps Engineer role supporting cloud modernization, managed services, infrastructure automation, and AWS platform delivery.","https://jobs.ashbyhq.com/megazone/17647053-08cd-4490-a1e1-4fe356bc6660"
"devops-engineer-aws-tensorwave","DevOps Engineer - AWS","TensorWave","United States","hybrid","full_time","DevOps / SRE","Cloud & Infrastructure","31","","title:devops engineer | text:sre | summary:cloud | summary:infrastructure | title:devops | description:reliability | title:aws","AWS DevOps Engineer role supporting cloud infrastructure, deployment automation, and high-performance AI compute environments.","https://jobs.ashbyhq.com/tensorwave/b2aeb755-b488-4fc0-9734-6283e964ec31"
"devops-engineer-hudu","DevOps Engineer","Hudu","United States","remote","full_time","DevOps / SRE","Cloud & Infrastructure","27","","title:devops engineer | text:sre | summary:cloud | summary:infrastructure | title:devops | summary:reliability","DevOps Engineer role supporting cloud operations, infrastructure reliability, and engineering systems for an IT documentation platform.","https://jobs.ashbyhq.com/hudu/5f66ec80-c6ac-452d-8d70-6b164880bb23"
"technical-operations-manager-customer-io","Technical Operations Manager","Customer.io","Remote","remote","full_time","IT Operations","Operations","33","","title:operations manager | summary:business operations | title:operations | db_category:IT Operations","Technical Operations Manager role building and maintaining internal systems, automation, and AI-assisted tooling across business operations.","https://job-boards.greenhouse.io/customerio/jobs/7956906"
"digital-consulting-manager-microsoft-fabric-architect-huron-consulting-group","Digital Consulting Manager - Microsoft Fabric Architect","Huron Consulting Group","Remote","remote","full_time","Cloud / Azure","Cloud & Infrastructure","7","","summary:cloud | text:azure | summary:architecture","Microsoft Fabric Architect role supporting cloud data architecture, analytics modernization, and enterprise consulting delivery.","https://huron.wd1.myworkdayjobs.com/en-US/huroncareers/job/Digital-Consulting-Manager---Microsoft-Fabric-Architect_JR-0015745"
"lead-azure-ai-solution-architect-primoris-services-corporation","Lead Azure AI Solution Architect","Primoris Services Corporation","Texas / Remote Flexible","hybrid","full_time","Cloud / Azure","Cloud & Infrastructure","15","","description:cloud architect | summary:cloud | title:azure | summary:architecture","Azure AI architecture role supporting cloud-based AI solutions, Microsoft Azure services, and enterprise technology modernization.","https://prim.wd108.myworkdayjobs.com/Primoris/job/Texas/Lead-Azure-AI-Solution-Architect_JR100599"
"azure-architect-nava-pbc","Azure Architect","Nava PBC","Remote","remote","contract","Cloud / Azure","Cloud & Infrastructure","19","","summary:cloud architect | summary:cloud | description:infrastructure | title:azure | summary:architecture","Azure Architect contractor role supporting modern cloud architecture and public-interest digital service delivery.","https://boards.greenhouse.io/navapbc/jobs/4294828009"
"devops-engineer-brightedge","DevOps Engineer","BrightEdge","Remote","remote","full_time","DevOps / SRE","Cloud & Infrastructure","26","","title:devops engineer | text:sre | description:cloud | summary:infrastructure | title:devops | summary:reliability","DevOps Engineer role supporting core engineering infrastructure, platform reliability, and deployment operations.","https://jobs.lever.co/brightedge/f0f18ff1-bf64-4a24-8521-1030cd05adcd/apply"
"devops-engineer-sardine","DevOps Engineer","Sardine","United States","remote","full_time","DevOps / SRE","Cloud & Infrastructure","27","","title:devops engineer | text:sre | summary:cloud | summary:infrastructure | title:devops | summary:reliability","DevOps Engineer role supporting infrastructure, deployment automation, reliability, and cloud operations for a financial technology company.","https://jobs.ashbyhq.com/sardine/42ae8d19-4362-49df-b132-df5b32052576/application"
"applied-data-scientist-machine-learning-engineer-workwave","Applied Data Scientist / Machine Learning Engineer","WorkWave","Remote, US","remote","full_time","AI / Machine Learning","Data Science & Analytics","25","","title:data scientist | title:machine learning | description:analytics | summary:modeling","Applied Data Scientist and Machine Learning Engineer role supporting decision intelligence, applied modeling, and product development.","https://jobs.lever.co/workwave/6032fc28-6183-4e4a-8310-c07860e82ef5/apply"
"data-scientist-amplify","Data Scientist","Amplify","Remote - United States","remote","full_time","Data Science","Data Science & Analytics","33","","title:data scientist | summary:analytics | summary:data products | summary:modeling | description:reporting | db_category:Data Science","Data Scientist role supporting education technology analytics, modeling, experimentation, and data products.","https://jobs.ashbyhq.com/amplify/2b0cf1c7-bc4a-4caf-b142-dfc7e515fe1f"
"data-scientist-risk-and-trading-sleeper","Data Scientist - Risk and Trading","Sleeper","Remote, United States","remote","full_time","Data Science","Data Science & Analytics","30","","title:data scientist | summary:analytics | description:modeling | summary:forecasting | db_category:Data Science","Data Scientist role supporting risk, trading, forecasting, and analytics for a daily fantasy sports technology platform.","https://jobs.ashbyhq.com/sleeper/c3193c80-c44f-4cb5-8792-a456397cf99e"
"data-scientist-ii-teamworks","Data Scientist II","Teamworks","United States / Canada","remote","full_time","Data Science","Data Science & Analytics","34","","title:data scientist | summary:analytics | summary:data products | summary:modeling | summary:research | db_category:Data Science","Data Scientist II role supporting sports analytics, data products, modeling, and research for basketball and hockey use cases.","https://jobs.ashbyhq.com/teamworks/aedd0f57-88b1-4d25-8bd8-693c3c25128e"
"senior-data-scientist-sardine","Senior Data Scientist","Sardine","United States / Canada","remote","full_time","Data Science","Data Science & Analytics","29","","title:data scientist | summary:analytics | description:data products | description:modeling | db_category:Data Science","Senior Data Scientist role supporting fraud analytics, risk intelligence, and data-driven product decisions for a financial technology company.","https://jobs.ashbyhq.com/sardine/e6764411-1740-4ce1-8a9a-79ad459082ea"
"data-scientist-bluesight","Data Scientist","Bluesight","United States - Remote","remote","full_time","Data Science","Data Science & Analytics","31","","title:data scientist | description:machine learning | summary:analytics | description:modeling | db_category:Data Science","Data Scientist role supporting analytics, software products, and operational intelligence for a technology platform company.","https://jobs.lever.co/bluesight/57a090e3-e109-4bae-a5e1-cf6701fb4016/apply"
"data-scientist-ramp","Data Scientist","Ramp","New York, NY / San Francisco, CA / Remote US","hybrid","full_time","Data Science","Data Science & Analytics","32","","title:data scientist | summary:analytics | description:modeling | description:reporting | summary:business intelligence | db_category:Data Science","Data Scientist role supporting financial technology analytics, experimentation, product insights, and business intelligence.","https://jobs.ashbyhq.com/ramp/e577622f-6657-4e53-8941-b3a774b04448"
"senior-data-scientist-college-board","Senior Data Scientist","College Board","Remote / Hybrid","hybrid","full_time","Data Science","Data Science & Analytics","34","","title:data scientist | summary:analytics | description:data products | summary:modeling | description:research | description:reporting | db_category:Data Science","Senior Data Scientist role supporting education data, analytics, modeling, and decision support for a national education organization.","https://collegeboard.wd1.myworkdayjobs.com/en-US/Careers/job/Data-Scientist--Data-Science-Team_REQ002511"
"data-scientist-new-grad-sentilink","Data Scientist, New Grad","SentiLink","United States","remote","full_time","Data Science","Data Science & Analytics","28","","title:data scientist | summary:analytics | summary:modeling | db_category:Data Science","Entry-level Data Scientist role supporting fraud prevention, identity risk, modeling, and analytics for a financial technology company.","https://jobs.ashbyhq.com/sentilink/3cb2885e-7a58-4a14-94d5-b7b851053408"
"lead-data-scientist-cohere","Lead Data Scientist","Cohere","United States / Canada","remote","full_time","Data Science","Data Science & Analytics","25","","title:data scientist | summary:analytics | db_category:Data Science","Lead Data Scientist role supporting advanced analytics, AI product insights, and data-driven decision-making for an AI technology company.","https://jobs.ashbyhq.com/cohere/39cab400-c976-41d9-9002-880ac6985b64"
"senior-software-engineer-ai-engineering-mercury","Senior Software Engineer - AI Engineering","Mercury","Remote","remote","full_time","AI / Machine Learning","Technology & Engineering","26","","title:software engineer | title:engineering | title:software | summary:platform | summary:systems","Senior Software Engineer role building AI platform foundations, internal AI systems, and agentic workflows for a financial technology company.","https://job-boards.greenhouse.io/mercury/jobs/5850044004"
"forward-deployed-software-engineer-air","Forward Deployed Software Engineer","Air","Arlington, VA / Pittsburgh, PA / Remote","hybrid","full_time","Software Engineering","Technology & Engineering","17","","title:software engineer | description:engineering | title:software","Forward Deployed Software Engineer role building customer-facing software solutions for enterprise readiness and operational execution.","https://job-boards.greenhouse.io/air/jobs/4068889009"
"product-manager-platform-cloud-infrastructure-c3-ai","Product Manager, Platform - Cloud Infrastructure","C3 AI","Redwood City, CA","on_site","full_time","Cloud / Azure","Cloud & Infrastructure","11","Technology & Engineering","title:cloud | title:infrastructure | text:azure","Cloud infrastructure product role supporting enterprise AI platform deployment, automation, and infrastructure strategy.","https://c3.ai/careers/"
"principal-software-engineer-developer-tools-docker","Principal Software Engineer, Developer Tools","Docker","United States - West Coast","remote","full_time","Software Engineering","Technology & Engineering","37","","title:software engineer | title:developer | description:engineering | title:software | title:developer | summary:platform | description:systems","Principal Software Engineer role building developer tooling for a major container and software development platform.","https://jobs.ashbyhq.com/docker/05a5dc9e-5c5b-4f92-b2bf-93c9348d264c"
"senior-ai-engineer-primoris-services-corporation","Senior AI Engineer","Primoris Services Corporation","United States / Remote Flexible","hybrid","full_time","AI / Machine Learning","Cloud & Infrastructure","5","Technology & Engineering","summary:cloud | description:azure","Senior AI Engineer role supporting applied artificial intelligence, cloud platforms, and enterprise automation initiatives.","https://prim.wd108.myworkdayjobs.com/en-US/Primoris/job/Senior-AI-Engineer_JR100597"
"it-specialist-air","IT Specialist","Air","Arlington, VA","on_site","full_time","IT Specialist","Operations","11","","summary:business operations | summary:operations | description:coordination","IT Specialist role supporting internal technology systems, workplace tools, and secure business operations for an enterprise readiness technology company.","https://job-boards.greenhouse.io/air/jobs/4186242009?gh_src=0wtal34z9us"
"qa-analyst-explorer-software-inc","QA Analyst","Explorer Software Inc.","Remote","remote","full_time","Quality Analyst","Healthcare Analytics","3","","text:quality analyst","Remote QA Analyst role supporting software testing, test plans, and reliable product delivery.","https://to.indeed.com/aa9lknn47wtl"
"test-analyst-carefirst-bluecross-blueshield","Test Analyst","CareFirst BlueCross BlueShield","Remote","remote","full_time","Healthcare Analyst","Compliance, Risk & Regulatory","3","","summary:quality assurance","Remote Test Analyst role supporting software testing, system accuracy, and technology quality assurance.","https://to.indeed.com/aazs26p7cbvj"
"junior-program-analyst-healthcare-transformation-blue-water-thinking","Junior Program Analyst - Healthcare Transformation","Blue Water Thinking","Remote","remote","full_time","Healthcare Analyst","Program & Project Analyst","10","","title:program analyst","Remote Junior Program Analyst role supporting healthcare transformation and federal client operations.","https://www.linkedin.com/jobs/view/junior-program-analyst-healthcare-transformation-at-blue-water-thinking-4413495601"
"entry-level-business-data-analyst-capitalplanholdings","Entry Level Business Data Analyst","CapitalPlanHoldings","Remote","remote","full_time","Data Analyst","Data Science & Analytics","10","","title:data analyst","Remote entry-level Business Data Analyst role supporting dashboards, stakeholder analysis, and business insights.","https://to.indeed.com/aav7lgyrccyb"
"epic-grand-central-and-prelude-analyst-hctec","Epic Grand Central and Prelude Analyst","HCTec","Remote","remote","full_time","Healthcare Analyst","Healthcare IT & Systems","12","","description:epic analyst | title:epic | summary:healthcare systems","Remote Epic Grand Central and Prelude Analyst role supporting healthcare systems and Epic application work.","https://www.linkedin.com/jobs/view/epic-grand-central-and-prelude-analyst-fte-and-remote-at-hctec-4433401234"
"data-governance-risk-analyst-banner-bank","Data Governance Risk Analyst","Banner Bank","Remote","remote","full_time","Compliance Analyst","Compliance, Risk & Regulatory","17","","text:compliance analyst | title:risk analyst | text:compliance | summary:controls","Remote Data Governance Risk Analyst role supporting data governance, risk controls, and banking operations.","https://remote.com/jobs/banner-bank-c1dcli12/data-governance-risk-analyst-remote-wa-or-id-ca-j1m5gxvi"
"digital-data-analyst-iheartmedia","Digital Data Analyst","iHeartMedia","Remote","remote","full_time","Data Analyst","Data Science & Analytics","16","","title:data analyst | summary:analytics | summary:reporting","Remote Digital Data Analyst role supporting media analytics, reporting, and digital performance insights.","https://iheartmedia.wd5.myworkdayjobs.com/en-US/External_iHM/job/Digital-Data-Analyst_Req38532-2"
"business-analyst-andersen","Business Analyst","Andersen","Remote","remote","full_time","Business Analyst","Business Analyst","24","","title:business analyst | description:business process | db_category:Business Analyst","Remote Business Analyst role supporting enterprise transformation, process modernization, and digital solution delivery.","https://to.indeed.com/aatmnnwq4yzg"
"entry-level-business-data-analyst-aicloudprotection","Entry Level Business Data Analyst","AICloudProtection","Remote","remote","full_time","Data Analyst","Data Science & Analytics","13","","title:data analyst | summary:reporting","Remote entry-level Business Data Analyst role supporting data reporting, analysis, and business insights.","https://to.indeed.com/aak9b6j47bl9"
"entry-level-business-analyst-alcglobalsoftware","Entry Level Business Analyst","ALCglobalSoftware","Remote","remote","full_time","Business Analyst","Business Analyst","22","","title:business analyst | db_category:Business Analyst","Remote entry-level Business Analyst role supporting consulting, business analysis, and project delivery.","https://to.indeed.com/aakbksvrq4tm"
"accounting-analyst-monthend","Accounting Analyst","MonthEnd","Remote","remote","full_time","Financial Analyst","Finance & Accounting","19","","text:financial analyst | title:accounting analyst | text:financial | title:accounting","Remote Accounting Analyst role in a technology-enabled construction accounting and operations environment.","https://to.indeed.com/aa4ql27zrvw2"
"rtsm-study-analyst-level-i-4g-clinical","RTSM Study Analyst - Level I","4G Clinical","Remote","remote","full_time","Healthcare Analyst","Healthcare Analytics","3","","text:healthcare analyst","Remote RTSM Study Analyst role supporting clinical trial application configuration, testing, and operations.","https://to.indeed.com/aa49j79rdddw"
"analyst-forecast-data-chomps","Analyst, Forecast Data","Chomps","Remote","remote","full_time","Data Analyst","Data Science & Analytics","11","","summary:data analyst | description:analytics | summary:forecasting","Remote forecast data analyst role supporting demand planning, data review, and business forecasting.","https://to.indeed.com/aabrr2vx6tcq"
"data-analyst-ii-github","Data Analyst II","GitHub","Remote","remote","full_time","Data Analyst","Data Science & Analytics","13","","title:data analyst | summary:analytics","Remote Data Analyst II role supporting analytics for a global software development platform.","https://to.indeed.com/aathd4wj68dd"
"support-operations-data-analyst-harvey","Support Operations Data Analyst","HARVEY","Remote","remote","full_time","Operations Analyst","Operations","20","Data Science & Analytics","text:operations analyst | title:operations | db_category:Operations Analyst","Remote Support Operations Data Analyst role supporting user operations, analytics, and operational insights.","https://to.indeed.com/aajbczg9h8qw"
"entry-level-business-data-analyst-softappdesigns","Entry Level Business Data Analyst","SoftAppDesigns","Remote","remote","full_time","Data Analyst","Data Science & Analytics","16","","title:data analyst | summary:analytics | summary:reporting","Remote entry-level Business Data Analyst role supporting analytics, data reporting, and business decision-making.","https://to.indeed.com/aaxgl2fhgt8m"
"data-analyst-the-national-society-of-leadership-and-success","Data Analyst","The National Society of Leadership and Success","Remote","remote","full_time","Data Analyst","Data Science & Analytics","16","","title:data analyst | summary:analytics | summary:reporting","Remote Data Analyst role supporting reporting, analytics, and data-informed decisions for a national leadership organization.","https://to.indeed.com/aaqf2n48jf7l"
"program-analyst-st-moritz-enterprises","Program Analyst","St. Moritz Enterprises","Remote","remote","full_time","Program Analyst","Operations","11","Program & Project Analyst","summary:business operations | summary:operations | description:coordination","Remote Program Analyst role supporting leadership, business operations, reporting, and program initiatives.","https://to.indeed.com/aa4p9k2q6n8l"
"program-analyst-informatics-ibility","Program Analyst, Informatics","Ibility","Remote","remote","full_time","Program Analyst","Program & Project Analyst","13","Operations","title:program analyst | summary:program operations","Remote Program Analyst role supporting informatics, program operations, and federal-facing project work.","https://to.indeed.com/aak68q7v94np"
"esom-program-analyst-kentro","ESOM Program Analyst","Kentro","Remote","remote","full_time","Program Analyst","Program & Project Analyst","12","","title:program analyst | description:program operations","Remote ESOM Program Analyst role supporting customer missions, operational objectives, and program execution.","https://to.indeed.com/aamssszkmbpz"
"grants-program-analyst-gap-solutions-inc","Grants Program Analyst","GAP Solutions, Inc.","Remote","remote","full_time","Program Analyst","Program & Project Analyst","10","","title:program analyst","Fully remote Grants Program Analyst role supporting federal health research operational objectives.","https://to.indeed.com/aablpshh7dpj"
"brand-program-analyst-pharmaceuticals-morris-dickson","Brand Program Analyst - Pharmaceuticals","Morris & Dickson","Remote","remote","full_time","Program Analyst","Program & Project Analyst","10","","title:program analyst","Remote Brand Program Analyst role supporting pharmaceutical distribution programs and operational reliability.","https://to.indeed.com/aalmcv4qjrlg"
"data-analyst-computercare","Data Analyst","ComputerCare","Remote","remote","full_time","Data Analyst","Data Science & Analytics","13","","title:data analyst | summary:reporting","Remote Data Analyst role supporting technical operations, reporting, and business insights for an IT services company.","https://to.indeed.com/aa9ncqxdgpjm"
"data-analyst-digital-harbor-foundation","Data Analyst","Digital Harbor Foundation","Remote","remote","full_time","Data Analyst","Data Science & Analytics","13","","title:data analyst | summary:python","Remote Data Analyst role using R and Python to support stakeholder problems, data analysis, and actionable findings.","https://to.indeed.com/aahtjtcxc4tl"
"program-analyst-amerit-fleet-solutions","Program Analyst","Amerit Fleet Solutions","Remote","remote","full_time","Program Analyst","Program & Project Analyst","10","Operations","title:program analyst","Remote Program Analyst role supporting operational and financial reporting for a national fleet maintenance organization.","https://to.indeed.com/aaxxsl8rh2wr"
"business-analyst-mind-computing","Business Analyst","Mind Computing","Remote","remote","full_time","Business Analyst","Business Analyst","25","","title:business analyst | summary:requirements | db_category:Business Analyst","100% remote Business Analyst role supporting requirements gathering and stakeholder communication.","https://to.indeed.com/aa892tsbyfvf"
"business-analyst-tester-and-virtual-trainer-a1fed-inc","Business Analyst, Tester and Virtual Trainer","A1FED Inc","Remote","remote","full_time","Business Analyst","Business Analyst","24","","title:business analyst | description:requirements | db_category:Business Analyst","Remote analyst role combining business analysis, testing, training, and project support.","https://dailyremote.com/remote-job/business-analyst-tester-and-virtual-trainer-remote-4915270"
"business-analyst-technical-writer-lts","Business Analyst/Technical Writer","LTS","Remote","remote","full_time","Business Analyst","Business Analyst","24","","title:business analyst | description:requirements | db_category:Business Analyst","Remote Business Analyst and Technical Writer role supporting documentation and federal project delivery.","https://dailyremote.com/remote-job/business-analyst-technical-writer-4916588"
"business-data-analyst-microflexinfra","Business Data Analyst","Microflexinfra","Remote","remote","full_time","Data Analyst","Data Science & Analytics","13","","title:data analyst | summary:reporting","Remote Business Data Analyst role focused on reporting, dashboarding, and business insights.","https://to.indeed.com/aa6n267vwlcl"
"business-data-analyst-asset-capital-market","Business Data Analyst","Asset Capital Market","Remote","remote","full_time","Data Analyst","Data Science & Analytics","13","","title:data analyst | summary:reporting","Remote Business Data Analyst role supporting operational insights and business reporting.","https://to.indeed.com/aacft2gky9bz"
"business-operations-analyst-escoadvisor","Business Operations Analyst","escoADVISOR","Remote","remote","full_time","Operations Analyst","Operations","40","","title:operations analyst | title:business operations | title:operations | summary:coordination | db_category:Operations Analyst","Remote Business Operations Analyst role supporting operations, Excel reporting, and process coordination.","https://to.indeed.com/aal2xpbf2cvs"
"business-operations-analyst-ii-fico","Business Operations Analyst II","FICO","Remote","remote","full_time","Operations Analyst","Operations","37","","title:operations analyst | title:business operations | title:operations | db_category:Operations Analyst","Remote Business Operations Analyst role supporting analytics, operational reporting, and business improvement.","https://to.indeed.com/aa8vzhkx99jh"
"operations-analyst-sawdey-solution-services-inc","Operations Analyst","Sawdey Solution Services, Inc","Remote","remote","full_time","Operations Analyst","Operations","30","","title:operations analyst | title:operations | summary:coordination | db_category:Operations Analyst","Remote Operations Analyst role focused on operational support, reporting, and process coordination.","https://to.indeed.com/aav266h8dhsj"
"revenue-operations-analyst-franklincovey","Revenue Operations Analyst","FranklinCovey","Remote","remote","full_time","Operations Analyst","Operations","27","","title:operations analyst | title:operations | db_category:Operations Analyst","Remote Revenue Operations Analyst role supporting revenue reporting, analytics, and operations improvement.","https://to.indeed.com/aa8ndns86vgj"
"data-analyst-berkeley-research-group-llc","Data Analyst","Berkeley Research Group, LLC","Remote","remote","full_time","Data Analyst","Data Science & Analytics","14","","title:data analyst | text:research | summary:reporting","Remote Data Analyst role supporting finance, accounting, business solutions, and reporting.","https://to.indeed.com/aahrwrglyybx"
"data-analyst-stio","Data Analyst","STIO","Remote","remote","full_time","Data Analyst","Data Science & Analytics","16","","title:data analyst | summary:analytics | summary:reporting","Remote Data Analyst role supporting business analytics, reporting, and data-driven decisions.","https://to.indeed.com/aarhwyxht884"
"technical-analyst-i-vitu","Technical Analyst I","vitu","Remote","remote","full_time","Technical Analyst","Government & Public Sector","2","","description:government","Remote Technical Analyst role supporting technology services, issue analysis, and operational support.","https://to.indeed.com/aavkxklf7wgx"
"compliance-analyst-array","Compliance Analyst","Array","Remote","remote","full_time","Compliance Analyst","Compliance, Risk & Regulatory","20","","title:compliance analyst | title:compliance | description:privacy | summary:controls","Remote Compliance Analyst role supporting financial technology compliance and risk controls.","https://to.indeed.com/aagtmpt4d9bt"
"critical-incident-analyst-the-amatriot-group","Critical Incident Analyst","The Amatriot Group","Remote","remote","full_time","Operations Analyst","Operations","18","","text:operations analyst | summary:operations | db_category:Operations Analyst","Remote Critical Incident Analyst role supporting incident management, reporting, and public-sector operations.","https://to.indeed.com/aamjzr4rvmjl"
"regulatory-reporting-analyst-longfinch-technology","Regulatory Reporting Analyst","Longfinch Technology","Remote","remote","full_time","Reporting Analyst","Data Science & Analytics","15","","title:reporting analyst | title:reporting","Remote Regulatory Reporting Analyst role supporting financial reporting, validation, and regulatory data quality.","https://to.indeed.com/aaspxqxzy82m"
"workday-reporting-data-analyst-international-mission-board","Workday Reporting & Data Analyst","International Mission Board","Remote","remote","full_time","Reporting Analyst","Data Science & Analytics","21","","title:data analyst | text:reporting analyst | summary:analytics | title:reporting","Remote Workday Reporting and Data Analyst role supporting HR data, reporting, and analytics.","https://to.indeed.com/aajskvr9t46r"
"financial-analyst-logistics-plus","Financial Analyst","Logistics Plus","Remote","remote","full_time","Financial Analyst","Finance & Accounting","15","","title:financial analyst | title:financial","Remote Financial Analyst role focused on financial modeling, forecasting, and decision support.","https://to.indeed.com/aaddyww7fdqf"
"financial-analyst-viewtrade","Financial Analyst","ViewTrade","Remote","remote","full_time","Financial Analyst","Finance & Accounting","21","","title:financial analyst | summary:finance | title:financial | summary:accounting","Remote Financial Analyst role supporting finance, accounting, analysis, and business performance.","https://to.indeed.com/aagrms8wnxds"
"financial-analyst-fp-a-patch-my-pc","Financial Analyst, FP&A","Patch My PC","Remote","remote","full_time","Financial Analyst","Finance & Accounting","17","","title:financial analyst | description:finance | title:financial","Remote FP&A Financial Analyst role supporting forecasting, planning, reporting, and business insights.","https://to.indeed.com/aamwz8zl2s2h"
"program-financial-analyst-v2x","Program Financial Analyst","V2X","Remote","remote","full_time","Financial Analyst","Finance & Accounting","18","","title:financial analyst | summary:finance | title:financial","Remote Program Financial Analyst role supporting FP&A, program finance, and mission support operations.","https://to.indeed.com/aagf9p47b7lf"
"healthcare-data-analyst-vetsez","Healthcare Data Analyst","VetsEZ","Remote","remote","full_time","Healthcare Data Analyst","Data Science & Analytics","12","","title:data analyst | description:reporting","Remote Healthcare Data Analyst role supporting federal healthcare interoperability, data mapping, and validation.","https://to.indeed.com/aasj64769vkm"
"healthcare-data-analyst-scalepex","Healthcare Data Analyst","Scalepex","Remote","remote","full_time","Healthcare Data Analyst","Data Science & Analytics","10","","title:data analyst","Remote Healthcare Data Analyst role supporting healthcare data exchanges, vendors, clients, and internal systems.","https://to.indeed.com/aacbn27p4y6z"
"senior-healthcare-data-analyst-accompany-health","Senior Healthcare Data Analyst","Accompany Health","Remote","remote","full_time","Healthcare Data Analyst","Data Science & Analytics","13","","title:data analyst | summary:analytics","Remote Senior Healthcare Data Analyst role supporting complex-care analytics and healthcare operations.","https://to.indeed.com/aa9xjdjkdpcq"
"business-analyst-salted","Business Analyst","Salted","Remote","remote","full_time","Business Analyst","Business Analyst","22","","title:business analyst | db_category:Business Analyst","Remote Business Analyst role supporting operational strategy, reporting, and business improvement.","https://to.indeed.com/aa9z4jqrjpck"
"business-analyst-afit-staffing","Business Analyst","aFit Staffing","Remote","remote","full_time","Business Analyst","Business Analyst","28","","title:business analyst | summary:requirements | summary:stakeholder requirements | db_category:Business Analyst","Remote Business Analyst role supporting workforce transformation, stakeholder requirements, and program delivery.","https://to.indeed.com/aazp87cxbvmd"
"business-operations-analyst-ii-indeed","Business Operations Analyst II","Indeed","Remote","remote","full_time","Operations Analyst","Operations","37","","title:operations analyst | title:business operations | title:operations | db_category:Operations Analyst","Remote Business Operations Analyst role supporting operational analysis, process improvement, and business performance.","https://to.indeed.com/aaywrybyt7vy"
"data-analyst-livanova","Data Analyst","LivaNova","Remote","remote","full_time","Data Analyst","Data Science & Analytics","15","","title:data analyst | summary:analytics | description:reporting","Remote Data Analyst role focused on data insights, analytics, and business decision support.","https://to.indeed.com/aacp6y8vtdvb"
"data-analyst-visibol","Data Analyst","Visibol","Remote","remote","full_time","Data Analyst","Data Science & Analytics","11","","title:data analyst | text:reporting","Remote Data Analyst role using data to support business strategy, process optimization, and actionable insights.","https://to.indeed.com/aa69gfdzbfv4"
"banking-program-analyst-block","Banking Program Analyst","Block","Remote","remote","full_time","Program Analyst","Program & Project Analyst","12","Operations","title:program analyst | description:program operations","Remote Banking Program Analyst opportunity supporting financial operations, program coordination, and business process execution.","https://careersprint.7f.liveblog365.com/job/1561587"
"program-analyst-engineering-services-network-inc","Program Analyst","ENGINEERING SERVICES NETWORK, Inc.","Remote","remote","full_time","Program Analyst","Program & Project Analyst","10","","title:program analyst","Remote Program Analyst role focused on program data analysis, quality assurance, policy review, operations, and performance improvement.","https://remotive.com/remote/jobs/data/program-analyst-4476614"
"hcm-program-analyst-clean-energy-infrastructure-services","HCM Program Analyst","Clean Energy & Infrastructure Services","Remote","remote","full_time","Program Analyst","Program & Project Analyst","10","","title:program analyst","Remote HCM Program Analyst role focused on data, dashboards, systems, and people operations process improvement.","https://www.learn4good.com/jobs/online_remote/info_technology/5188234017/e/"
"acquisition-program-analyst-sme-obxtek","Acquisition Program Analyst - SME","OBXtek","Remote","remote","full_time","Program Analyst","Program & Project Analyst","13","Operations","title:program analyst | summary:program operations","Remote senior program analyst role supporting acquisition, program coordination, and federal program operations.","https://remotive.com/remote/jobs/all-others/acquisition-program-analyst-sme-4616372"
"data-insight-analyst-sql-salesforce-power-bi-healthcare-assistrx-2026-05-28","Data Insight Analyst - SQL, Salesforce, Power BI, Healthcare Experience","AssistRx","Remote","remote","full_time","Healthcare BI & Dashboard Reporting","Data Science & Analytics","20","","summary:analytics | title:sql | title:power bi | summary:tableau | text:dashboard | summary:reporting","Develop reports and analytics using warehouse data, Salesforce, Excel, SQL, Tableau, Power BI, and other reporting tools.","https://www.remoterocketship.com/us/company/assistrx/jobs/data-insight-analyst-sql-salesforce-power-bi-healthcare-experience-florida-remote/"
"operations-analyst-vytlone-17df8321","Operations Analyst","VytlOne","Remote","remote","full_time","Healthcare Data & Analytics","Operations","18","","title:operations analyst | text:program operations | title:operations","Support EDI processing, operational systems maintenance, and third-party administrator data workflows.","https://to.indeed.com/aafzpvgm22dl"
"senior-analyst-data-analytics-siu-oscar-health-ccbda538","Senior Analyst, Data Analytics, SIU","Oscar Health","Remote","remote","full_time","Healthcare Data & Analytics","Data Science & Analytics","7","Operations | Healthcare Analytics | Technology & Engineering","title:analytics | text:sql | text:reporting","Support SIU data analytics for a health insurance technology platform and member-serving operations.","https://to.indeed.com/aagkghn4dr89"
"senior-healthcare-data-analyst-remote-sentara-585bb178","Senior Healthcare Data Analyst - Remote","Sentara","Remote","remote","full_time","Healthcare Data & Analytics","Data Science & Analytics","18","","title:data analyst | summary:analytics | summary:research | text:sql | text:reporting","Support enterprise analytics, research analytics, and healthcare data literacy for a large health system.","https://www.sentaracareers.com/job/23403357/senior-healthcare-data-analyst-remote-remote/"
"bi-developer-reveleer-454b86ab","BI Developer","reveleer","Remote","remote","full_time","Healthcare IT","Healthcare IT & Systems","16","Technology & Engineering","text:healthcare it | text:ehr | db_category:Healthcare IT","BI Developer Remote Opportunity. Reveleer is a healthcare data and analytics company using AI to support health plan quality improvement, risk adjustment, and member management.","https://to.indeed.com/aahxrfrxkmrk"
"clinical-denials-analyst-remote-enjoin-89a1e5f0","Clinical Denials Analyst (Remote)","Enjoin","Remote","remote","full_time","Claims & Revenue Cycle","Healthcare Analytics","5","Operations","description:healthcare analyst | text:healthcare data","Support hospitals and health systems by analyzing clinical denials, documentation issues, and revenue integrity opportunities.","https://to.indeed.com/aawrkbjvdmpb"
"healthcare-analyst-ii-cohere-health-26927e77","Healthcare Analyst II","Cohere Health","Remote","remote","full_time","Healthcare Data & Analytics","Healthcare Analytics","17","","title:healthcare analyst | summary:healthcare analytics | text:healthcare data","Conduct healthcare analytics that inform strategy, product performance, and operational insights for a health technology organization.","https://to.indeed.com/aaygvmptk4kt"
"audit-analyst-healthcare-healthmap-solutions-79eef79f","Audit Analyst - Healthcare","Healthmap Solutions","Remote","remote","full_time","Healthcare Program & Compliance","Compliance, Risk & Regulatory","18","","title:audit analyst | summary:compliance | title:audit","Support healthcare compliance program responsibilities, audit activities, legal coordination, and compliance operations.","https://to.indeed.com/aa4ykdxpyvyb"
"program-business-analyst-health-program-florida-texas-remote-icf-3897e540","Program Business Analyst HEALTH PROGRAM (Florida, Texas REMOTE)","ICF","Remote","remote","full_time","Healthcare Program & Compliance","Business Analyst","12","","title:business analyst | text:requirements | text:workflow","Provide analytical and documentation support for complex state or federally funded health initiatives and program implementation.","https://www.linkedin.com/jobs/view/program-business-analyst-health-program-florida-texas-remote-at-icf-4407982056"
"revenue-cycle-project-analyst-remote-revenue-cycle-optimization-baptist-health-e011cdad","Revenue Cycle Project Analyst, Remote, Revenue Cycle Optimization","Baptist Health","Remote","remote","full_time","Claims & Revenue Cycle","Program & Project Analyst","11","","title:project analyst | text:program operations","Support revenue cycle optimization projects across healthcare operations, documentation, reporting, and process improvement.","https://bebee.com/us/jobs/revenue-cycle-project-analyst-remote-revenue-cycle-optimization-ft-830a-5p-baptist-health-florida--theirstack-680334678"
"senior-application-analyst-revenue-cycle-remote-mayo-clinic-a435067f","Senior Application Analyst - Revenue Cycle - Remote","Mayo Clinic","Remote","remote","full_time","Healthcare IT","Healthcare IT & Systems","26","","text:healthcare it | title:application analyst | text:ehr | db_category:Healthcare IT","Serve as a revenue cycle application analyst supporting operational workflows and efficient technical flows for healthcare operations.","https://www.theladders.com/job/senior-application-analyst-revenue-cycle-remote-mayoclinic-virtual-travel_85112589"
"business-intelligence-analyst-integra-partners-dc416cf7","Business Intelligence Analyst","Integra Partners","Remote","remote","full_time","Healthcare IT","Data Science & Analytics","23","Healthcare IT & Systems","title:business intelligence analyst | text:analytics | text:sql | summary:reporting | title:business intelligence | summary:metrics","Support business intelligence and reporting across healthcare-related business units, metrics, and program automation.","https://to.indeed.com/aanzb7j2jywj"
"business-intelligence-report-developer-humana-71c77e84","Business Intelligence Report Developer","Humana","Remote","remote","full_time","Healthcare IT","Healthcare IT & Systems","16","Technology & Engineering | Data Science & Analytics","text:healthcare it | text:ehr | db_category:Healthcare IT","Support risk adjustment and provider programs through business intelligence reporting and insight development.","https://to.indeed.com/aa2l8fff6p9n"
"data-engineer-multiple-levels-astrana-health-7937e9a7","Data Engineer (Multiple Levels)","Astrana Health","Remote","remote","full_time","Healthcare IT","Data Science & Analytics","19","Healthcare IT & Systems","summary:data analyst | title:data engineer | text:analytics | text:sql | text:reporting","Work with data analysts, engineers, scientists, and clinical leaders to produce healthcare data engineering solutions.","https://to.indeed.com/aa6f9ftpyz86"
"revenue-operations-analyst-finance-sword-health-03d17ec0","Revenue Operations Analyst, Finance","SWORD Health","Remote","remote","full_time","Healthcare Data & Analytics","Operations","18","","title:operations analyst | text:program operations | title:operations","Support revenue operations and finance analytics for an AI-enabled healthcare company.","https://to.indeed.com/aa8vq4wtwp4n"
"sr-data-analyst-karoo-health-d926cceb","Sr Data Analyst","Karoo Health","Remote","remote","full_time","Healthcare Data & Analytics","Data Science & Analytics","17","Healthcare Analytics","title:data analyst | summary:analytics | text:sql | summary:reporting","Support cardiovascular care analytics, value-based care contracts, payer-provider reporting, and healthcare data analysis.","https://to.indeed.com/aatq44vrzs2f"
"data-analyst-intone-networks-277c7470","Data Analyst","Intone Networks","Remote","remote","contract","Healthcare Data & Analytics","Data Science & Analytics","15","","title:data analyst | text:analytics | text:sql | summary:reporting","Analyze healthcare eligibility, enrollment, and data reporting requirements for remote healthcare data operations.","https://to.indeed.com/aat9z87dcgf9"
"sr-data-analyst-risk-adjustment-us-remote-esr-healthcare-9cb27096","Sr. Data Analyst/Risk Adjustment - US Remote","ESR Healthcare","Remote","remote","full_time","Healthcare Data & Analytics","Data Science & Analytics","15","","title:data analyst | summary:analytics | text:sql | text:reporting","Analyze risk adjustment data and support healthcare payer analytics using domain knowledge of risk adjustment operations.","https://lensa.com/job-v1/esr-healthcare/remote/senior-data-analyst/057d8f99dc9a213778b915d8ba17a498"
"principal-data-analyst-and-ai-liaison-remote-optum-6bb9b1c4","Principal Data Analyst and AI Liaison - Remote","Optum","Remote","remote","full_time","Healthcare Data & Analytics","Data Science & Analytics","15","","title:data analyst | summary:analytics | text:sql | text:reporting","Support healthcare data analytics and AI liaison work for UnitedHealthcare operations and strategy.","https://builtin.com/job/principal-data-analyst-and-ai-liaison-remote-est-cst-or-mst/9478024"
"pharmacy-data-reconciliation-analyst-specialty-pharmacy-c0a9c7de","Pharmacy Data Reconciliation Analyst","Specialty Pharmacy","Remote","remote","contract","Healthcare Data & Analytics","Healthcare Analytics","5","Operations","description:healthcare analyst | text:healthcare data","Reconcile pharmacy purchase and dispensing data at the NDC level, including substitutions and NDC10/NDC11 mapping.","https://www.upwork.com/jobs/~022056563925523649503"
"hl7-interface-support-specialist-healthcare-integration-client-4f21e450","HL7 Interface Support Specialist","Healthcare Integration Client","Remote","remote","contract","Healthcare IT","Healthcare IT & Systems","16","Customer Support & Success","text:healthcare it | text:ehr | db_category:Healthcare IT","Support healthcare interface stabilization and HL7 integration work ahead of a go-live event.","https://www.upwork.com/jobs/~022055717396609236606"
"healthcare-data-engineer-etl-pipelines-healthcare-erp-organization-345cda3d","Healthcare Data Engineer - ETL Pipelines","Healthcare ERP Organization","Remote","remote","contract","Healthcare IT","Healthcare IT & Systems","16","Data Science & Analytics | Healthcare Analytics","text:healthcare it | text:ehr | db_category:Healthcare IT","Design and maintain ETL pipelines for healthcare ERP data integration and processing.","https://www.upwork.com/jobs/~022051883510996007020"
"stata-healthcare-data-analyst-healthcare-research-client-f2c532bb","STATA Healthcare Data Analyst","Healthcare Research Client","Remote","remote","contract","Healthcare Data & Analytics","Data Science & Analytics","14","Healthcare Analytics","title:data analyst | text:analytics | text:research | text:sql | text:reporting","Support STATA analysis for operational measures and healthcare outcomes using interrupted time series methods.","https://www.upwork.com/jobs/~022053664865934383470"
"business-intelligence-developer-reveleer-007092e9","Business Intelligence Developer","Reveleer","Remote","remote","full_time","Healthcare IT","Healthcare IT & Systems","16","Technology & Engineering | Data Science & Analytics","text:healthcare it | text:ehr | db_category:Healthcare IT","Develop BI reporting and analytics for a healthcare data and analytics company supporting health plan quality and risk operations.","https://to.indeed.com/aa2dvm8hwks6"
"healthcare-data-analyst-remote-opportunity-vetsez-e8e721f6","Healthcare Data Analyst (Remote Opportunity)","VetsEZ","Remote","remote","full_time","Healthcare Data & Analytics","Data Science & Analytics","15","Healthcare Analytics","title:data analyst | text:analytics | text:sql | summary:reporting","Analyze healthcare data and support federal healthcare interoperability reporting, data mapping, and validation activities.","https://to.indeed.com/aajd2g8v9lqp"
"healthcare-reclamation-analyst-performant-financial-corporation-26144bf4","Healthcare Reclamation Analyst","Performant Financial Corporation","Remote","remote","full_time","Claims & Revenue Cycle","Operations","6","Healthcare Analytics","text:program operations | summary:operations","Support healthcare payment recovery and reclamation analysis for payment intelligence operations.","https://to.indeed.com/aa9qgdlmscyt"
"operations-application-analyst-healthcare-teamhealth-67a5e123","Operations Application Analyst - Healthcare","TeamHealth","Remote","remote","full_time","Healthcare IT","Healthcare IT & Systems","26","","text:healthcare it | title:application analyst | text:ehr | db_category:Healthcare IT","Maintain and improve healthcare operational applications for a national physician practice organization.","https://to.indeed.com/aavrmjx8c222"
"data-analyst-medicaid-experience-cloudscouts-a6a27e8e","Data Analyst, Medicaid Experience","CloudScouts","Remote","remote","full_time","Healthcare Data Analytics","Data Science & Analytics","15","","title:data analyst | text:analytics | summary:sql | text:reporting","Analyze healthcare-related data, develop reports and dashboards using SQL and BI tools, and support Medicaid decision-making.","https://www.remoterocketship.com/us/company/cloudscouts-pro/jobs/data-analyst-medicaid-experience-united-states-remote/"
"medicaid-data-analyst-remote-contract-verito-solutions-414375c2","Medicaid Data Analyst - Remote Contract","Verito Solutions","Remote","remote","contract","Medicaid Data Analytics","Data Science & Analytics","13","Healthcare Analytics | Medicaid Coverage & Eligibility","title:data analyst | text:analytics | text:sql | text:reporting","Analyze Medicaid claims, encounters, eligibility, and provider datasets for a long-term remote contract engagement.","https://www.dice.com/job-detail/2447a759-5972-45db-8122-72323786d190"
"medicaid-eligibility-analyst-hybrid-remote-duke-clinical-research-inst-e1f36c3d","Medicaid Eligibility Analyst — Hybrid Remote","Duke Clinical Research Institute","Hybrid Remote","hybrid","full_time","Medicaid Eligibility","Medicaid Coverage & Eligibility","35","","title:medicaid eligibility | title:medicaid | title:eligibility | summary:benefits | db_category:Medicaid Eligibility","Support Medicaid applications and help patients obtain benefits through eligibility review and application assistance.","https://jooble.org/jdp/-5811154529312936138"
"medicaid-utilization-analyst-state-of-michigan-8c74cd36","Medicaid Utilization Analyst","State of Michigan","Hybrid Remote","hybrid","full_time","Medicaid Program Analyst","Healthcare Analytics","8","Medicaid Coverage & Eligibility","description:healthcare analyst | text:healthcare analytics | text:healthcare data","Review Medicaid utilization and program data for the HSA Program Review Division.","https://www.governmentjobs.com/careers/michigan/jobs/5262815/medicaid-utilization-analyst-9-12-hsa-program-review-division"
"remote-senior-medicaid-contracting-analyst-best-price-e7dd53a7","Remote Senior Medicaid Contracting Analyst","Best Price","Remote","remote","contract","Medicaid Contracting","Healthcare Analytics","8","Medicaid Coverage & Eligibility","description:healthcare analyst | text:healthcare analytics | text:healthcare data","Support senior Medicaid contracting analysis in a remote contract role.","https://jobspawn.liveblog365.com/job/remote-senior-medicaid-contracting-analyst-2"
"tmsis-experience-required-data-analyst-trillian-technologies-inc-5fb96c77","TMSIS Experience Required - Data Analyst","Trillian Technologies Inc.","Remote","remote","contract","Medicaid Data Analytics","Data Science & Analytics","15","","title:data analyst | text:analytics | text:sql | summary:reporting","Perform requirements analysis, mapping documentation, and data analysis for T-MSIS healthcare reporting work.","https://to.indeed.com/aapty2rdf8yj"
"total-rewards-analyst-matrix-medical-network-ad4e08a2","Total Rewards Analyst","Matrix Medical Network","Remote","remote","full_time","Healthcare Operations","Operations","18","","text:program operations | summary:operations | db_category:Healthcare Operations","Support total rewards operations for a national provider serving Medicare Advantage and Managed Medicaid patients.","https://to.indeed.com/aak4v6sjrv4c"
"um-product-operations-analyst-availity-llc-7a700b09","UM Product Operations Analyst","Availity, LLC.","Remote","remote","full_time","Healthcare Operations","Operations","30","","title:operations analyst | text:program operations | title:operations | db_category:Healthcare Operations","Support utilization management product operations for healthcare revenue cycle and provider network solutions.","https://to.indeed.com/aazlwx2tyxqj"
"value-based-programs-analyst-humana-b77c000b","Value-Based Programs Analyst","Humana","Remote","remote","full_time","Value-Based Care","Healthcare Analytics","9","Provider Data & Credentialing","description:healthcare analyst | text:healthcare analytics | text:healthcare data | text:value-based care","Support value-based provider relationships and path-to-value performance goals.","https://to.indeed.com/aaz4d42rlfp8"
"population-health-analyst-software-technology-inc-88f6956b","Population Health Analyst","Software Technology, Inc.","Remote","remote","contract","Population Health","Healthcare Analytics","25","","description:healthcare analyst | title:population health analyst | text:healthcare analytics | summary:healthcare data | title:population health","Support population health analysis using healthcare data and program insights.","https://to.indeed.com/aalxk9s2rbcq"
"dispute-resolution-analyst-tmf-health-quality-institute-ac77ce66","Dispute Resolution Analyst","TMF Health Quality Institute","Remote","remote","full_time","Healthcare Quality","Operations","9","Healthcare Analytics","text:program operations | summary:operations | summary:administrative","Support healthcare dispute resolution and administrative quality operations.","https://to.indeed.com/aazjdpss4ptx"
"quality-assurance-audit-analyst-acu-serve-corp-9c9ebbc2","Quality Assurance Audit Analyst","ACU-Serve Corp","Remote","remote","full_time","Healthcare Compliance","Compliance, Risk & Regulatory","21","","title:audit analyst | text:compliance | title:audit | title:quality assurance","Perform quality assurance audit work for billing solutions supporting DME, HME, and home infusion providers.","https://to.indeed.com/aazrw4cb4wfn"
"revenue-cycle-payment-reconciliation-specialist-wholesum-billing-14dd8954","Revenue Cycle Payment & Reconciliation Specialist","Wholesum Billing","Remote","remote","full_time","Revenue Cycle","Finance & Accounting","9","Healthcare Analytics | Operations","text:finance | summary:billing | title:revenue cycle","Support remote revenue cycle payment posting, reconciliation, and billing operations.","https://to.indeed.com/aa9fsntfvlbj"
"sr-financial-analyst-provider-contracts-cencal-health-b7bd9ed8","Sr. Financial Analyst - Provider Contracts","CenCal Health","Remote","remote","full_time","Provider Data","Finance & Accounting","22","Provider Data & Credentialing","title:financial analyst | text:finance | title:financial | text:revenue cycle | title:contracts","Analyze provider contracts and financial performance for a health plan.","https://to.indeed.com/aaqrxtskkj7h"
"business-systems-analyst-cotiviti-bce86184","Business Systems Analyst","Cotiviti","Remote","remote","full_time","Healthcare IT","Healthcare IT & Systems","16","Business Analyst","text:healthcare it | text:ehr | db_category:Healthcare IT","Partner with business and leadership teams across data mining and yield management.","https://to.indeed.com/aa6g9p99r2xy"
"ehr-helpdesk-analyst-remote-software-technology-inc-2d013048","EHR Helpdesk Analyst - Remote","Software Technology, Inc.","Remote","remote","contract","EHR Analyst","Healthcare IT & Systems","14","Healthcare Analytics","text:ehr analyst | title:ehr | summary:epic | summary:clinical application","Provide advanced technical support for Epic EHR and related clinical applications.","https://to.indeed.com/aa7j7cd7vt7l"
"epic-interface-engine-analyst-stemhunter-b51cb4a6","Epic Interface Engine Analyst","STEMHUNTER","Remote","remote","contract","EHR Analyst","Healthcare Analytics","10","Healthcare IT & Systems","description:healthcare analyst | text:healthcare analytics | summary:healthcare data","Support Epic HealthConnect, interface engine integrations, and healthcare data conversions.","https://stemhunter.com/job/epic-interface-engine-analyst/"
"healthcare-data-analyst-emr-revenue-cycle-wheeler-staffing-partners-ws-07a7a490","Healthcare Data Analyst: EMR & Revenue Cycle","Wheeler Staffing Partners (WSP)","Remote","remote","full_time","Healthcare Data Analytics","Data Science & Analytics","15","Healthcare Analytics | Finance & Accounting","title:data analyst | summary:analytics | text:sql | text:reporting","Support EMR and billing system transition work and revenue cycle analytics.","https://jooble.org/jdp/7648779351547739021"
"senior-analyst-it-qa-connectiverx-3372df88","Senior Analyst, IT QA","ConnectiveRx","Remote","remote","full_time","Healthcare IT","Healthcare IT & Systems","16","","text:healthcare it | text:ehr | db_category:Healthcare IT","Develop, execute, and review automated testing plans for healthcare technology systems.","https://www.remoterocketship.com/us/company/connectiverx/jobs/senior-analyst-it-qa-new-jersey-remote/"
"consultant-quality-cloud-veeva-systems-d9296d94","Consultant - Quality Cloud","Veeva Systems","Remote","remote","full_time","Healthcare IT","Healthcare IT & Systems","16","","text:healthcare it | text:ehr | db_category:Healthcare IT","Support life sciences quality cloud implementation and consulting.","https://to.indeed.com/aa64d7qplhxz"
"consultant-validation-management-software-veeva-systems-845d62c3","Consultant - Validation Management Software","Veeva Systems","Remote","remote","full_time","Healthcare IT","Healthcare IT & Systems","16","","text:healthcare it | text:ehr | db_category:Healthcare IT","Support validation management software implementation for life sciences organizations.","https://to.indeed.com/aazb7sr6qtkb"
"data-engineer-and-analyst-gcp-shyld-ai-e16e485d","Data Engineer and Analyst - GCP","Shyld AI","Remote","remote","contract","Healthcare Data Engineering","Data Science & Analytics","13","Healthcare Analytics","title:data engineer | text:analytics | text:sql | text:reporting","Build healthcare AI data systems using GCP to improve hospital operations and safety.","https://www.upwork.com/jobs/~022049397343406509009"
"junior-analyst-princeton10-6192ac20","Junior Analyst","Princeton10","Remote","remote","full_time","Data Analytics","Healthcare Analytics","8","","description:healthcare analyst | text:healthcare analytics | text:healthcare data","Analyze complex datasets, identify patterns, and communicate insights in a remote junior analyst role.","https://to.indeed.com/aakfrbc9zntp"
"junior-business-analyst-promarketexchange-74eff1cb","Junior Business Analyst","PROMARKETEXCHANGE","Remote","remote","full_time","Business Analysis","Business Analyst","27","","title:business analyst | summary:requirements | text:process improvement | text:workflow | db_category:Business Analysis","Translate business ideas and requirements between stakeholders and developers.","https://to.indeed.com/aapgyx6mlpf9"
"recruiter-corporate-clinical-curana-health-a60a452b","Recruiter, Corporate & Clinical","Curana Health","Remote","remote","full_time","Healthcare Operations","Operations","16","Healthcare Analytics","text:program operations | text:operations | db_category:Healthcare Operations","Support corporate and clinical recruiting for a national value-based care organization.","https://to.indeed.com/aa7mwvcwq46c"
"clinical-denials-analyst-enjoin-ea424453","Clinical Denials Analyst","Enjoin","Remote","remote","full_time","Revenue Cycle","Healthcare Analytics","8","","description:healthcare analyst | text:healthcare analytics | text:healthcare data","Analyze clinical denials, documentation accuracy, compliance, and revenue cycle issues.","https://to.indeed.com/aaw7psgkkfcd"
"clinical-coding-analyst-enjoin-754f056c","Clinical Coding Analyst","Enjoin","Remote","remote","full_time","Clinical Coding","Healthcare Analytics","8","","description:healthcare analyst | text:healthcare analytics | text:healthcare data","Review inpatient clinical and coding validation issues for revenue integrity.","https://to.indeed.com/aac6jt88mb9y"
"denials-recovery-analyst-revecore-541438c5","Denials Recovery Analyst","Revecore","Remote","remote","full_time","Revenue Cycle","Healthcare Analytics","8","","description:healthcare analyst | text:healthcare analytics | text:healthcare data","Support specialized claims management and healthcare revenue recovery.","https://to.indeed.com/aaxyc22jjnng"
"epic-cogito-business-intelligence-developer-scaled-data-llc-25b95659","EPIC Cogito Business Intelligence Developer","Scaled Data LLC","Remote","remote","full_time","EHR Analyst","Technology & Engineering","16","Data Science & Analytics | Healthcare Analytics | Healthcare IT & Systems","title:developer | title:developer | text:systems","Develop Epic Cogito BI and senior data analytics solutions for healthcare data connectivity.","https://to.indeed.com/aaj92wfznv48"
"healthcare-integration-analyst-evidencecare-ee2d0a0f","Healthcare Integration Analyst","EvidenceCare","Remote","remote","full_time","Healthcare IT","Healthcare IT & Systems","16","","text:healthcare it | text:ehr | db_category:Healthcare IT","Support healthcare integration work for a clinical decision support technology company.","https://to.indeed.com/aaqpgmwjrtfc"
"payment-analyst-healthcare-signature-performance-00b1d551","Payment Analyst, Healthcare","Signature Performance","Remote","remote","full_time","Payment Integrity","Healthcare Analytics","8","Claims & Payer Operations","description:healthcare analyst | text:healthcare analytics | text:healthcare data","Identify payment discrepancies, prevent overpayments, and support reimbursement accuracy.","https://to.indeed.com/aaprwqsqw8bb"
"product-analyst-azra-ai-efe3bbb1","Product Analyst","Azra AI","Remote","remote","full_time","Healthcare Product","Healthcare Analytics","8","Operations | Data Science & Analytics","description:healthcare analyst | text:healthcare analytics | text:healthcare data","Support product strategy and analytics for a care coordination automation platform.","https://to.indeed.com/aaq7n7jc678n"
"operations-application-analyst-teamhealth-97873116","Operations Application Analyst","TeamHealth","Remote","remote","full_time","Healthcare IT","Healthcare IT & Systems","26","","text:healthcare it | title:application analyst | text:ehr | db_category:Healthcare IT","Support operations applications for a national physician practice organization.","https://to.indeed.com/aawhrjzwyskq"
"data-engineer-sun-river-health-f52d5bda","Data Engineer","Sun River Health","Remote","remote","full_time","Healthcare Data Engineering","Data Science & Analytics","20","","title:data engineer | summary:analytics | summary:sql | summary:python | text:reporting","Build healthcare data pipelines using SQL, dbt, Python, and Snowflake for community health analytics.","https://to.indeed.com/aa9wdvqwr7n7"
"drg-integrity-analyst-enjoin-5ea10bd2","DRG Integrity Analyst","Enjoin","Remote","remote","full_time","Clinical Coding","Healthcare Analytics","8","","description:healthcare analyst | text:healthcare analytics | text:healthcare data","Support DRG integrity, documentation accuracy, and coding validation.","https://to.indeed.com/aapv4jdrt4gq"
"compliance-analyst-healthcare-services-umb-bank-na-12d3b827","Compliance Analyst Healthcare Services","UMB BANK NA","Remote","remote","full_time","Healthcare Compliance","Compliance, Risk & Regulatory","15","","title:compliance analyst | title:compliance","Support healthcare payment solutions compliance for HSAs, debit card programs, and healthcare administration.","https://umb.wd1.myworkdayjobs.com/en-US/UMBExternal/job/Compliance-Analyst-Healthcare-Services_R-8751"
"quality-management-analyst-3-university-of-miami-health-system-01219c03","Quality Management Analyst 3","University of Miami Health System","Remote","remote","full_time","Healthcare Quality","Program & Project Analyst","11","Healthcare Analytics","title:management analyst | text:program operations","Support quality management analysis for a major academic healthcare organization.","https://umiami.wd1.myworkdayjobs.com/en-US/UMCareerStaff/job/Quality-Management-Analyst-3---Full-TIME---Remote_R100093327"
"senior-public-policy-long-term-care-rate-setting-analyst-gainwell-tech-8c9c383b","Senior Public Policy / Long-Term Care Rate Setting Analyst","Gainwell Technologies","Remote","remote","full_time","Medicaid Policy","Healthcare Analytics","8","","description:healthcare analyst | text:healthcare analytics | text:healthcare data","Support public policy, long-term care, and Medicaid rate-setting analysis.","https://www.linkedin.com/jobs/view/senior-public-policy-long-term-care-rate-setting-analyst-at-gainwell-technologies-4385052865"
"ar-analyst-uspi-united-surgical-partners-2026-05-28","A/R Analyst, USPI","United Surgical Partners","Remote","remote","full_time","Revenue Cycle Analytics","Data Science & Analytics","7","Finance & Accounting | Operations | Healthcare Analytics","description:analytics | text:sql | text:power bi | summary:reporting","Analyze accounts receivable operations, improve revenue cycle processes, and support healthcare financial performance reporting.","https://to.indeed.com/aasz8tb2nsj8"
"senior-healthcare-analyst-tango-2026-05-28","Senior Healthcare Analyst","Tango","Remote","remote","full_time","Healthcare Data Analytics","Healthcare Analytics","16","","title:healthcare analyst | text:healthcare analytics | summary:healthcare data","Work with healthcare data sources to support home care health management reporting, analytics, and business decision-making.","https://to.indeed.com/aa7pvy22pvq8"
"health-data-consultant-guidewell-2026-05-28","Health Data Consultant","GuideWell","Remote","remote","full_time","Healthcare Data Analytics","Data Science & Analytics","8","Healthcare Analytics","text:analytics | text:sql | text:power bi | description:reporting | summary:metrics","Analyze account performance, healthcare trends, client data, and growth or retention metrics for healthcare initiatives.","https://himalayas.app/companies/guidewell/jobs/health-data-consultant-remote-florida"
"healthcare-analytics-advisor-claritev-2026-05-28","Healthcare Analytics Advisor","Claritev","Remote","remote","full_time","Healthcare Data Analytics","Healthcare Analytics","12","Data Science & Analytics","title:healthcare analytics | description:healthcare data","Support healthcare cost analytics, reporting, and data-driven advisory work to improve healthcare affordability and performance.","https://to.indeed.com/aamf8ztvw68s"
"healthcare-business-analyst-on-belay-health-solutions-2026-05-28","Healthcare Business Analyst","On Belay Health Solutions","Remote","remote","full_time","Healthcare Business Analyst","Business Analyst","29","","title:business analyst | summary:requirements | text:process improvement | summary:workflow | db_category:Healthcare Business Analyst","Support Medicare value-based care operations by translating healthcare business needs into data, workflow, and reporting requirements.","https://to.indeed.com/aa2cmqkkt42x"
"healthcare-data-analyst-algorithm-developer-radcube-2026-05-28","Healthcare Data Analyst / Algorithm Developer","RadCube","Remote","remote","full_time","Healthcare Data Analytics","Technology & Engineering","19","Data Science & Analytics","title:developer | summary:software | title:developer | text:systems","Support healthcare data analysis and algorithm development in a technology consulting and software development environment.","https://to.indeed.com/aa4gwpvdf6r6"
"revenue-cycle-informaticist-boston-childrens-hospital-2026-05-28","Revenue Cycle Informaticist","Boston Children's Hospital","Remote","remote","full_time","Revenue Cycle Analytics","Finance & Accounting","9","Data Science & Analytics | Operations | Business Analyst | Healthcare Analytics","text:finance | summary:financial | title:revenue cycle","Support Epic reporting, analytics, workflow optimization, and revenue cycle operations to improve healthcare financial performance.","https://to.indeed.com/aanx92kl26cp"
"senior-health-data-analyst-rural-health-blueprint-creative-group-2026-05-28","Senior Health Data Analyst, Rural Health","Blueprint Creative Group","Remote","remote","full_time","Population Health Data","Data Science & Analytics","18","Healthcare Analytics","title:data analyst | summary:analytics | description:modeling | text:sql | text:power bi | text:reporting","Build rural health data layers, county and facility-level fact bases, customizable models, and analytics for rural health transformation work.","https://to.indeed.com/aadkfv2zygsn"
"sr-data-analyst-scientist-intuscare-2026-05-28","Sr Data Analyst/Scientist","IntusCare","Remote","remote","full_time","Population Health Data","Data Science & Analytics","15","","title:data analyst | description:analytics | text:sql | text:power bi | text:reporting","Analyze healthcare data, identify risks, visualize trends, and support care optimization for PACE programs.","https://jobs.ashbyhq.com/intus/eb715729-5af9-40e4-a560-4c0e8a96eaa3"
"business-analyst-sql-molina-healthcare-2026-05-28","Analyst, Business - SQL","Molina Healthcare","Remote","remote","full_time","Healthcare Business Analyst","Business Analyst","24","","description:business analyst | summary:requirements | text:process improvement | text:workflow | summary:functional requirements | db_category:Healthcare Business Analyst","Interpret regulatory and functional requirements, support system solutions, and use SQL to analyze healthcare coverage, reimbursement, and processing functions.","https://himalayas.app/companies/molina-healthcare/jobs/analyst-business-sql-remote-in-florida"
"business-analyst-healthcare-assistrx-2026-05-28","Business Analyst (Healthcare)","AssistRx","Remote","remote","full_time","Healthcare Business Analyst","Business Analyst","28","","title:business analyst | summary:requirements | text:process improvement | description:workflow | db_category:Healthcare Business Analyst","Work with clients, project managers, development, QA, sales, and leadership on healthcare technology project requirements and workflows.","https://to.indeed.com/aafm4bwfd2bv"
"business-analyst-operations-performance-network-spring-health-2026-05-28","Business Analyst, Operations Performance (Network)","Spring Health","Remote","remote","full_time","Healthcare Business Analyst","Business Analyst","25","","title:business analyst | text:requirements | text:process improvement | text:workflow | db_category:Healthcare Business Analyst","Analyze operations performance, network data, and business trends for a mental healthcare access platform.","https://www.monster.com/job-openings/business-analyst-operations-performance-network-new-york-ny--994e177f-7bc5-44fe-8c0c-cbcc746a3f87"
"healthcare-operations-analyst-provider-data-healthfirst-2026-05-28","Healthcare Operations Analyst (Provider Data)","Healthfirst","Remote","remote","full_time","Provider Data Analytics","Operations","18","Provider Data & Credentialing","title:operations analyst | text:program operations | title:operations","Analyze provider data operations, workflow inconsistencies, optimization opportunities, and cross-functional improvement needs.","https://to.indeed.com/aabqhyf4hcct"
"medicaid-analyst-stride-2026-05-28","Medicaid Analyst","Stride, Inc.","Remote","remote","full_time","Medicaid Program Analyst","Medicaid Coverage & Eligibility","15","Operations","title:medicaid analyst | title:medicaid","Own Medicaid reimbursement workflows, billing processes, reporting, and cross-functional coordination across special programs and finance teams.","https://to.indeed.com/aavncphzdhhc"
"principal-business-intelligence-analyst-rev-cycle-mayo-clinic-2026-05-28","Principal Business Intelligence Analyst - Revenue Cycle","Mayo Clinic","Remote","remote","full_time","Healthcare BI & Dashboard Reporting","Data Science & Analytics","25","","title:business intelligence analyst | summary:analytics | text:sql | text:power bi | description:dashboard | summary:reporting | title:business intelligence","Lead business intelligence planning and development for revenue cycle analytics, reporting, strategy, and operational insights.","https://www.theladders.com/job/principal-business-intelligence-analyst-rev-cycle-remote-mayoclinic-virtual-travel_86332144"
"revenue-cycle-operations-analyst-boston-medical-center-2026-05-28","Revenue Cycle Operations Analyst","Boston Medical Center","Remote","remote","full_time","Revenue Cycle Analytics","Operations","18","","title:operations analyst | text:program operations | title:operations","Maintain revenue cycle data integrity, support cash processing analytics, and improve middle revenue cycle operational reporting.","https://to.indeed.com/aadq947lwxpr"
"revenue-integrity-analyst-shriners-childrens-2026-05-28","Revenue Integrity Analyst","Shriners Children's","Remote","remote","full_time","Revenue Cycle Analytics","Healthcare Analytics","5","Data Science & Analytics | Operations","text:healthcare analytics | description:healthcare data","Analyze charge description master, coding, pricing, and revenue integrity processes for healthcare services and procedures.","https://to.indeed.com/aa6p8yrymk2t"
"senior-business-analyst-clinical-programs-cohere-health-2026-05-28","Senior Business Analyst, Clinical Programs","Cohere Health","Remote","remote","full_time","Healthcare Business Analyst","Business Analyst","27","","title:business analyst | description:requirements | description:process improvement | text:workflow | db_category:Healthcare Business Analyst","Support clinical program execution, continuous improvement, business analysis, and operational reporting for healthcare programs.","https://dailyremote.com/remote-job/senior-business-analyst-clinical-programs-4143347"
"sr-business-analyst-healthcare-interoperability-cotiviti-2026-05-28","Sr Business Analyst - Healthcare Interoperability","Cotiviti","Remote","remote","full_time","Healthcare Business Analyst","Business Analyst","25","","title:business analyst | text:requirements | text:process improvement | text:workflow | db_category:Healthcare Business Analyst","Analyze quantitative and qualitative healthcare data, build queries and reports, and support healthcare interoperability business decisions.","https://to.indeed.com/aarqcbhqdr4v"
"bi-developer-ii-hsag-2026-05-28","BI Developer II","Health Services Advisory Group, Inc. (HSAG)","Remote","remote","full_time","Healthcare BI & Dashboard Reporting","Technology & Engineering","16","Data Science & Analytics","title:developer | title:developer | text:systems","Define dashboard requirements, design and maintain reports, and build multi-level dashboards for healthcare data science and analytics customers.","https://www.remoterocketship.com/us/company/health-services-advisory-group-inc-hsag/jobs/bi-developer-ii-united-states-remote/"
"bi-engineer-evolent-2026-05-28","BI Engineer, BI Center of Excellence","Evolent","Remote","remote","full_time","Healthcare BI & Dashboard Reporting","Data Science & Analytics","7","Operations | Healthcare Analytics","text:analytics | text:sql | text:power bi | text:dashboard | summary:reporting","Create repeatable BI reporting assets, data platforms, visualization tools, and user-facing reporting solutions for healthcare operations.","https://www.remoterocketship.com/us/company/evolenthealth/jobs/bi-engineer-bi-center-of-excellence-united-states-remote/"
"application-analyst-iii-epic-willow-remote-cooper-university-health-care-fresh-batch-may-2026","Application Analyst III (EPIC WILLOW) REMOTE","Cooper University Health Care","Remote","remote","full_time","EHR Analyst","Healthcare IT & Systems","25","","title:application analyst | summary:ehr analyst | summary:ehr | title:epic | text:clinical application","Application Analyst III (EPIC WILLOW) REMOTE role focused on ehr analyst in a healthcare, payer, provider, or digital health environment.","https://himalayas.app/companies/cooper-university-health-care/jobs/application-analyst-iii-epic-willow-remote"
"collections-analyst-managed-resources-fresh-batch-may-2026","Collections Analyst","Managed Resources","Remote","remote","full_time","Claims Operations","Operations","15","Claims & Payer Operations","summary:operations | db_category:Claims Operations","Collections Analyst role focused on claims operations in a healthcare, payer, provider, or digital health environment.","https://to.indeed.com/aaxhnd84299r"
"healthcare-analyst-zero-balance-aspirion-fresh-batch-may-2026","Healthcare Analyst - Zero Balance","Aspirion","Remote","remote","full_time","Claims Operations","Operations","15","Claims & Payer Operations | Healthcare Analytics","summary:operations | db_category:Claims Operations","Healthcare Analyst - Zero Balance role focused on claims operations in a healthcare, payer, provider, or digital health environment.","https://www.remoterocketship.com/us/company/aspirion-3/jobs/healthcare-analyst-zero-balance-united-states-remote/"
"epic-tapestry-healthcare-analyst-integrated-resources-inc-fresh-batch-may-2026","Epic Tapestry Healthcare Analyst","Integrated Resources Inc","Remote","remote","contract","EHR Analyst","Healthcare IT & Systems","15","Healthcare Analytics","summary:ehr analyst | summary:ehr | title:epic | text:clinical application","Epic Tapestry Healthcare Analyst role focused on ehr analyst in a healthcare, payer, provider, or digital health environment.","https://to.indeed.com/aap77skqr2nb"
"remote-healthcare-analyst-ii-vendor-management-experience-required-caresource-fresh-batch-may-2","REMOTE - Healthcare Analyst II - Vendor Management Experience Required","CareSource","Remote","remote","full_time","Healthcare Data Analytics","Healthcare Analytics","13","Data Science & Analytics","title:healthcare analyst | summary:healthcare data","REMOTE - Healthcare Analyst II - Vendor Management Experience Required role focused on healthcare data analytics in a healthcare, payer, provider, or digital health environment.","https://bebee.com/us/jobs/remote-healthcare-analyst-ii-vendor-management-experience-required-r12309-caresource--theirstack-686196019"
"healthcare-reclamation-analyst-performant-financial-corporation-machinify-fresh-batch-may-2026","Healthcare Reclamation Analyst","Performant Financial Corporation / Machinify","Remote","remote","full_time","Claims Operations","Operations","15","Claims & Payer Operations","summary:operations | db_category:Claims Operations","Healthcare Reclamation Analyst role focused on claims operations in a healthcare, payer, provider, or digital health environment.","https://to.indeed.com/aadtmm89lgwb"
"healthcare-data-analyst-w2-tricon-solutions-fresh-batch-may-2026","Healthcare Data Analyst - W2","Tricon Solutions","Remote - United States","remote","contract","Healthcare Data Analytics","Data Science & Analytics","19","","title:data analyst | summary:analytics | text:sql | text:python | text:power bi | text:tableau | description:reporting","Healthcare Data Analyst - W2 role focused on healthcare data analytics in a healthcare, payer, provider, or digital health environment.","https://to.indeed.com/aapvwwc4pj2b"
"functional-analyst-healthcare-business-blue-rose-consulting-group-inc-fresh-batch-may-2026","Functional Analyst (Healthcare Business)","Blue Rose Consulting Group, Inc.","Remote / Bethesda, MD","hybrid","full_time","Healthcare Program Analyst","Program & Project Analyst","9","Data Science & Analytics | Claims & Payer Operations","summary:program analyst | description:program support | text:deliverables","Functional Analyst (Healthcare Business) role focused on healthcare program analyst in a healthcare, payer, provider, or digital health environment.","https://to.indeed.com/aa6cggk7pcnk"
"lead-analyst-quality-analytics-performance-improvement-remote-molina-healthcare-fresh-batch-may","Lead Analyst, Quality Analytics & Performance Improvement - Remote","Molina Healthcare","Remote","remote","full_time","Quality Analytics","Data Science & Analytics","11","","title:analytics | text:sql | text:python | text:power bi | text:tableau | description:reporting","Lead Analyst, Quality Analytics & Performance Improvement - Remote role focused on quality analytics in a healthcare, payer, provider, or digital health environment.","https://careers.molinahealthcare.com/job/united-states/lead-analyst-quality-analytics-and-performance-improvement-remote/21726/94183066896"
"healthcare-senior-data-analyst-consultant-payment-model-implementation-cmmi-remote-unitedhealth","Healthcare Senior Data Analyst Consultant, Payment Model Implementation (CMMI) - Remote","UnitedHealth Group / Optum","Washington, DC / Remote","remote","full_time","Healthcare Program Analyst","Data Science & Analytics","16","Program & Project Analyst","title:data analyst | text:sql | text:python | text:power bi | text:tableau | description:reporting","Healthcare Senior Data Analyst Consultant, Payment Model Implementation (CMMI) - Remote role focused on healthcare program analyst in a healthcare, payer, provider, or digital health environment.","https://careers.unitedhealthgroup.com/job/washington-d-c/healthcare-senior-data-analyst-consultant-payment-model-implementation-cmmi-remote/34088/93504540096"
"lead-analyst-healthcare-analytics-remote-molina-healthcare-fresh-batch-may-2026","Lead Analyst, Healthcare Analytics - REMOTE","Molina Healthcare","Remote","remote","full_time","Healthcare Data Analytics","Healthcare Analytics","17","Data Science & Analytics","description:healthcare analyst | title:healthcare analytics | summary:healthcare data","Lead Analyst, Healthcare Analytics - REMOTE role focused on healthcare data analytics in a healthcare, payer, provider, or digital health environment.","https://careers.molinahealthcare.com/job/united-states/lead-analyst-healthcare-analytics-remote/21726/94274245344"
"healthcare-senior-data-analyst-consultant-quality-measurement-cmmi-remote-unitedhealth-group-op","Healthcare Senior Data Analyst Consultant, Quality Measurement (CMMI) - Remote","UnitedHealth Group / Optum","Washington, DC / Remote","remote","full_time","Quality Analytics","Data Science & Analytics","19","","title:data analyst | summary:analytics | text:sql | text:python | text:power bi | text:tableau | description:reporting","Healthcare Senior Data Analyst Consultant, Quality Measurement (CMMI) - Remote role focused on quality analytics in a healthcare, payer, provider, or digital health environment.","https://careers.unitedhealthgroup.com/job/washington-d-c/healthcare-senior-data-analyst-consultant-quality-measurement-cmmi-remote/34088/94780654672"
"healthcare-data-analyst-iii-remote-capable-geisinger-fresh-batch-may-2026","Healthcare Data Analyst III (Remote Capable)","Geisinger","Remote capable","remote","full_time","Healthcare Data Analytics","Data Science & Analytics","19","","title:data analyst | summary:analytics | text:sql | text:python | text:power bi | text:tableau | description:reporting","Healthcare Data Analyst III (Remote Capable) role focused on healthcare data analytics in a healthcare, payer, provider, or digital health environment.","https://himalayas.app/companies/geisinger/jobs/healthcare-data-analyst-iii-remote-capable"
"application-analyst-and-developer-epic-willow-healthpartners-fresh-batch-may-2026","Application Analyst and Developer, Epic Willow","HealthPartners","Remote - United States","remote","full_time","EHR Analyst","Healthcare IT & Systems","25","Technology & Engineering","title:application analyst | summary:ehr analyst | summary:ehr | title:epic | text:clinical application","Application Analyst and Developer, Epic Willow role focused on ehr analyst in a healthcare, payer, provider, or digital health environment.","https://jobright.ai/jobs/info/696c7031db26b618950fc9d5"
"application-analyst-i-tufts-medical-center-fresh-batch-may-2026","Application Analyst I","Tufts Medical Center","Remote - United States","remote","full_time","EHR Analyst","Healthcare IT & Systems","21","","title:application analyst | summary:ehr analyst | summary:ehr | text:epic | text:clinical application","Application Analyst I role focused on ehr analyst in a healthcare, payer, provider, or digital health environment.","https://remote.co/job-details/application-analyst-i-5a52f552-fda8-41af-8daf-be063586f292"
"actuary-primary-care-organization-humana-fresh-batch-may-2026","Actuary - Primary Care Organization","Humana","Remote, Nationwide","remote","full_time","Medical Economics","Data Science & Analytics","7","Healthcare Analytics | Claims & Payer Operations","text:forecasting | text:sql | text:python | text:power bi | text:tableau | description:reporting","Actuary - Primary Care Organization role focused on medical economics in a healthcare, payer, provider, or digital health environment.","https://careers.humana.com/us/en/job/R-411063/Actuary-Primary-Care-Organization"
"certified-nursing-assistant-wound-care-prn-gbmc","Certified Nursing Assistant (Wound Care) PRN","GBMC","Baltimore, MD","on_site","part_time","CNA","Care Workforce (CNA, GNA, Caregiver)","41","","summary:cna | title:certified nursing assistant | title:nursing assistant | text:hha | db_category:CNA","Curated CNA role at GBMC.","https://gbmc.wd1.myworkdayjobs.com/en-US/GBMC/job/Certified-Nursing-Assistant--Wound-Care--PRN_JR106772"
"nurse-support-technician-ft-nights-gbmc","Nurse Support Technician - FT Nights","GBMC","Baltimore, MD","on_site","full_time","Patient Care Tech","Care Workforce (CNA, GNA, Caregiver)","12","","text:cna | text:hha | summary:patient care tech","Curated Patient Care Tech role at GBMC.","https://gbmc.wd1.myworkdayjobs.com/en-US/GBMC/job/Nurse-Support-Technician--NST---FT-Nights-7p-7-30a_JR106016/apply"
"mother-baby-nurse-support-technician-day-shift-gbmc","Mother Baby Nurse Support Technician Day Shift","GBMC","Baltimore, MD","on_site","full_time","Patient Care Tech","Care Workforce (CNA, GNA, Caregiver)","12","","text:cna | text:hha | summary:patient care tech","Curated Patient Care Tech role at GBMC.","https://gbmc.wd1.myworkdayjobs.com/en-US/GBMC/job/Mother-Baby-Nurse-Support-Technician-Day-Shift-7a-7p-FT_JR106452/apply"
"certified-nursing-assistant-unit-38-med-surg-tele-ft-dayshift-gbmc","Certified Nursing Assistant - Unit 38 Med/Surg/Tele FT Dayshift","GBMC","Baltimore, MD","on_site","full_time","CNA","Care Workforce (CNA, GNA, Caregiver)","41","","summary:cna | title:certified nursing assistant | title:nursing assistant | text:hha | db_category:CNA","Curated CNA role at GBMC.","https://gbmc.wd1.myworkdayjobs.com/en-US/GBMC/job/Certified-Nursing-Assistant--Unit-38---Med-Surg-Tele---FT-Dayshift--7A-7-30P-_JR106278"
"certified-nursing-assistant-unit-35-med-tele-ft-dayshift-gbmc","Certified Nursing Assistant - Unit 35 Med/Tele FT Dayshift","GBMC","Baltimore, MD","on_site","full_time","CNA","Care Workforce (CNA, GNA, Caregiver)","41","","summary:cna | title:certified nursing assistant | title:nursing assistant | text:hha | db_category:CNA","Curated CNA role at GBMC.","https://gbmc.wd1.myworkdayjobs.com/en-US/gbmc/job/GBMC-Hospital/Certified-Nursing-Assistant--Unit-35--Med-Tele---FT-Dayshift-7a-7p_JR106746/apply"
"certified-nursing-assistant-unit-38-apply-gbmc","Certified Nursing Assistant - Unit 38 Apply","GBMC","Baltimore, MD","on_site","full_time","CNA","Care Workforce (CNA, GNA, Caregiver)","41","","summary:cna | title:certified nursing assistant | title:nursing assistant | text:hha | db_category:CNA","Curated CNA role at GBMC.","https://gbmc.wd1.myworkdayjobs.com/en-US/gbmc/job/GBMC-Hospital/Certified-Nursing-Assistant--Unit-38---Med-Surg-Tele---FT-Dayshift--7A-7-30P-_JR106278/apply/autofillWithResume"
"unit-42-certified-nursing-assistant-part-time-dayshift-gbmc","Unit 42 Certified Nursing Assistant - Part-Time Dayshift","GBMC","Baltimore, MD","on_site","part_time","CNA","Care Workforce (CNA, GNA, Caregiver)","41","","summary:cna | title:certified nursing assistant | title:nursing assistant | text:hha | db_category:CNA","Curated CNA role at GBMC.","https://gbmc.wd1.myworkdayjobs.com/en-us/gbmc/job/unit-42--medicine-telemetry-oncology---certified-nursing-assistant---part-time-24-hrs-wk---dayshift--7am-7-30pm-_jr106477/apply"
"certified-nursing-assistant-u42-nightshift-ft-gbmc","Certified Nursing Assistant - U42 Nightshift FT","GBMC","Baltimore, MD","on_site","full_time","CNA","Care Workforce (CNA, GNA, Caregiver)","41","","summary:cna | title:certified nursing assistant | title:nursing assistant | text:hha | db_category:CNA","Curated CNA role at GBMC.","https://gbmc.wd1.myworkdayjobs.com/en-US/GBMC/job/Certified-Nursing-Assistant---U42---Medicine-Telemetry-Oncology---Nightshift--7pm-7-30am----FT_JR106637/apply/useMyLastApplication"
"hospice-aide-inpatient-gbmc","Hospice Aide - Inpatient","GBMC","Baltimore, MD","on_site","full_time","Home Health Aide","Care Workforce (CNA, GNA, Caregiver)","12","","text:cna | summary:home health aide | text:hha","Curated Home Health Aide role at GBMC.","https://gbmc.wd1.myworkdayjobs.com/en-US/GBMC/job/Hospice-Aide---Inpatient_JR106708"
"mother-baby-nurse-support-technician-day-shift-listing-gbmc","Mother Baby Nurse Support Technician Day Shift Listing","GBMC","Baltimore, MD","on_site","full_time","Patient Care Tech","Care Workforce (CNA, GNA, Caregiver)","12","","text:cna | text:hha | summary:patient care tech","Curated Patient Care Tech role at GBMC.","https://gbmc.wd1.myworkdayjobs.com/en-US/GBMC/job/Mother-Baby-Nurse-Support-Technician-Day-Shift-7a-7p-FT_JR106452"
"certified-nursing-assistant-unit-47-apply-gbmc","Certified Nursing Assistant - Unit 47 Apply","GBMC","Baltimore, MD","on_site","full_time","CNA","Care Workforce (CNA, GNA, Caregiver)","41","","summary:cna | title:certified nursing assistant | title:nursing assistant | text:hha | db_category:CNA","Curated CNA role at GBMC.","https://gbmc.wd1.myworkdayjobs.com/en-US/GBMC/job/Certified-Nursing-Assistant---Unit-47---Med-Tele-Behavioral-Health-7a-730p_JR106709/apply"
"certified-nursing-assistant-wound-care-apply-gbmc","Certified Nursing Assistant Wound Care Apply","GBMC","Baltimore, MD","on_site","part_time","CNA","Care Workforce (CNA, GNA, Caregiver)","41","","summary:cna | title:certified nursing assistant | title:nursing assistant | text:hha | db_category:CNA","Curated CNA role at GBMC.","https://gbmc.wd1.myworkdayjobs.com/en-US/GBMC/job/Certified-Nursing-Assistant--Wound-Care--PRN_JR106772/apply"
"nurse-support-technician-unit-35-day-shift-gbmc","Nurse Support Technician Unit 35 Day Shift","GBMC","Baltimore, MD","on_site","full_time","Patient Care Tech","Care Workforce (CNA, GNA, Caregiver)","12","","text:cna | text:hha | summary:patient care tech","Curated Patient Care Tech role at GBMC.","https://gbmc.wd1.myworkdayjobs.com/en-US/GBMC/job/GBMC-Hospital/Nurse-Support-Technician-Unit-35-day-shift-7a-7pm_JR101254"
"certified-nursing-assistant-unit-35-day-shift-gbmc","Certified Nursing Assistant - Unit 35 Day Shift","GBMC","Baltimore, MD","on_site","full_time","CNA","Care Workforce (CNA, GNA, Caregiver)","41","","summary:cna | title:certified nursing assistant | title:nursing assistant | text:hha | db_category:CNA","Curated CNA role at GBMC.","https://gbmc.wd1.myworkdayjobs.com/en-US/gbmc/job/GBMC-Hospital/Certified-Nursing-Assistant--Unit-35--Med-Tele---FT-Dayshift-7a-7p_JR106746"
"patient-care-tech-cna-rehabilitation-day-shift-adventist-healthcare","Patient Care Tech CNA - Rehabilitation Day Shift","Adventist HealthCare","Maryland","on_site","full_time","Patient Care Tech","Care Workforce (CNA, GNA, Caregiver)","23","","title:cna | text:hha | title:patient care tech","Curated Patient Care Tech role at Adventist HealthCare.","https://adventisthealthcare.wd1.myworkdayjobs.com/AdventistHealthCareCareers/job/Patient-Care-Technician--CNA---Day-Shift--Rehabilitation_R-040047"
"patient-care-tech-cna-rehabilitation-night-shift-adventist-healthcare","Patient Care Tech CNA - Rehabilitation Night Shift","Adventist HealthCare","Maryland","on_site","full_time","Patient Care Tech","Care Workforce (CNA, GNA, Caregiver)","23","","title:cna | text:hha | title:patient care tech","Curated Patient Care Tech role at Adventist HealthCare.","https://adventisthealthcare.wd1.myworkdayjobs.com/AdventistHealthCareCareers/job/Patient-Care-Technician--CNA---Night-Shift---Rehabilitation_R-041197"
"healthcare-product-analyst-payer-systems-unitedhealth-group-optum","Healthcare Product Analyst - Payer Systems","UnitedHealth Group / Optum","Remote / United States","remote","full_time","Healthcare Product Manager","Claims & Payer Operations","10","Technology & Engineering","description:payer operations | text:claims | title:payer","Curated Healthcare Product Manager role at UnitedHealth Group / Optum.","https://careers.unitedhealthgroup.com/search-jobs/Product/34088/1"
"patient-care-tech-cna-float-pool-night-shift-adventist-healthcare","Patient Care Tech CNA - Float Pool Night Shift","Adventist HealthCare","Maryland","on_site","part_time","Patient Care Tech","Care Workforce (CNA, GNA, Caregiver)","23","","title:cna | text:hha | title:patient care tech","Curated Patient Care Tech role at Adventist HealthCare.","https://adventisthealthcare.wd1.myworkdayjobs.com/AdventistHealthCareCareers/job/Patient-Care-Technician--CNA---Variable-Part-Time-Night-Shift--Float-Pool_R-040879"
"director-medical-economics-remote-molina-healthcare","Director, Medical Economics - Remote","Molina Healthcare","Remote","remote","full_time","Healthcare Data Analyst","Data Science & Analytics","8","Healthcare Analytics | Claims & Payer Operations","summary:data analyst | text:sql | text:reporting","Curated Healthcare Data Analyst role at Molina Healthcare.","https://careers.molinahealthcare.com/search-jobs?k=Director%2C%20Medical%20Economics%20-%20Remote&orgIds=21726"
"certified-nursing-assistant-m-b-unit-24-hrs-wk-gbmc","Certified Nursing Assistant - M/B Unit - 24 hrs/wk","GBMC","Baltimore, MD","on_site","part_time","CNA","Care Workforce (CNA, GNA, Caregiver)","41","","summary:cna | title:certified nursing assistant | title:nursing assistant | text:hha | db_category:CNA","Curated CNA role at GBMC.","https://gbmc.wd1.myworkdayjobs.com/en-US/GBMC/job/GBMC-Hospital/Certified-Nursing-Assistant--M-B-Unit--24-hrs-wk_JR106763/apply/autofillWithResume"
"associate-analyst-claims-data-ca-remote-molina-healthcare","Associate Analyst, Claims Data - CA Remote","Molina Healthcare","Long Beach, CA / Remote","remote","full_time","Claims Systems","Claims & Payer Operations","11","","description:payer operations | title:claims | description:payer","Curated Claims Systems role at Molina Healthcare.","https://careers.molinahealthcare.com/search-jobs?k=Associate%20Analyst%2C%20Claims%20Data%20-%20CA%20Remote&orgIds=21726"
"data-analyst-provider-configuration-molina-healthcare","Data Analyst, Provider Configuration","Molina Healthcare","Remote / United States","remote","full_time","Provider Data","Provider Data & Credentialing","28","","summary:provider data | title:provider configuration | db_category:Provider Data","Curated Provider Data role at Molina Healthcare.","https://careers.molinahealthcare.com/search-jobs?k=Data%20Analyst%2C%20Provider%20Configuration&orgIds=21726"
"senior-analyst-advanced-provider-data-management-sql-databricks-molina-healthcare","Senior Analyst, Advanced Provider Data Management - SQL & Databricks","Molina Healthcare","Remote","remote","full_time","Provider Data","Provider Data & Credentialing","22","","title:provider data | db_category:Provider Data","Curated Provider Data role at Molina Healthcare.","https://careers.molinahealthcare.com/search-jobs?k=Senior%20Analyst%2C%20Advanced%20Provider%20Data%20Management%20SQL%20Databricks&orgIds=21726"
"healthcare-it-analyst-claims-and-provider-systems-unitedhealth-group-optum","Healthcare IT Analyst - Claims and Provider Systems","UnitedHealth Group / Optum","Remote / United States","remote","full_time","Healthcare IT","Healthcare IT & Systems","23","","title:healthcare it | text:ehr | db_category:Healthcare IT","Curated Healthcare IT role at UnitedHealth Group / Optum.","https://careers.unitedhealthgroup.com/search-jobs/healthcare%20IT/34088/1"
"provider-data-analyst-managed-care-search-molina-healthcare","Provider Data Analyst - Managed Care Search","Molina Healthcare","Remote / United States","remote","full_time","Provider Data","Provider Data & Credentialing","22","","title:provider data | db_category:Provider Data","Curated Provider Data role at Molina Healthcare.","https://careers.molinahealthcare.com/search-jobs?k=Provider%20Data&orgIds=21726"
"epic-analyst-patient-access-search-unitedhealth-group-optum","Epic Analyst - Patient Access Search","UnitedHealth Group / Optum","Remote / United States","remote","full_time","EHR Analyst","Healthcare IT & Systems","24","","title:epic analyst | summary:ehr analyst | summary:ehr | title:epic","Curated EHR Analyst role at UnitedHealth Group / Optum.","https://careers.unitedhealthgroup.com/search-jobs/Epic/34088/1"
"patient-care-tech-cna-pt-night-shift-med-surg-oncology-adventist-healthcare","Patient Care Tech (CNA), PT Night Shift, Med Surg Oncology","Adventist HealthCare","Rockville, MD","on_site","part_time","Patient Care Tech","Care Workforce (CNA, GNA, Caregiver)","23","","title:cna | text:hha | title:patient care tech","Curated Patient Care Tech role at Adventist HealthCare.","https://adventisthealthcare.wd1.myworkdayjobs.com/en-US/AdventistHealthCareCareers/job/Patient-Care-Tech--CNA---PT-Night-Shift--Med-Surg-Oncology_R-041612"
"patient-care-technician-cna-variable-part-time-night-shift-float-pool-adventist-healthcare","Patient Care Technician (CNA), Variable Part Time Night Shift, Float Pool","Adventist HealthCare","Maryland / Float Pool","on_site","part_time","Patient Care Tech","Care Workforce (CNA, GNA, Caregiver)","33","","title:cna | text:hha | title:patient care technician | title:patient care tech","Curated Patient Care Tech role at Adventist HealthCare.","https://adventisthealthcare.wd1.myworkdayjobs.com/en-US/AdventistHealthCareCareers/job/Patient-Care-Technician--CNA---Variable-Part-Time-Night-Shift--Float-Pool_R-040879"
"patient-care-technician-cna-day-shift-rehabilitation-adventist-healthcare","Patient Care Technician (CNA), Day Shift, Rehabilitation","Adventist HealthCare","Maryland","on_site","full_time","Patient Care Tech","Care Workforce (CNA, GNA, Caregiver)","33","","title:cna | text:hha | title:patient care technician | title:patient care tech","Curated Patient Care Tech role at Adventist HealthCare.","https://adventisthealthcare.wd1.myworkdayjobs.com/en-US/AdventistHealthCareCareers/job/Patient-Care-Technician--CNA---Day-Shift--Rehabilitation_R-040047"
"patient-care-technician-cna-night-shift-rehabilitation-adventist-healthcare","Patient Care Technician (CNA), Night Shift, Rehabilitation","Adventist HealthCare","Maryland","on_site","full_time","Patient Care Tech","Care Workforce (CNA, GNA, Caregiver)","33","","title:cna | text:hha | title:patient care technician | title:patient care tech","Curated Patient Care Tech role at Adventist HealthCare.","https://adventisthealthcare.wd1.myworkdayjobs.com/en-US/AdventistHealthCareCareers/job/Patient-Care-Technician--CNA---Night-Shift---Rehabilitation_R-041197"
"nurse-support-technician-nst-mother-baby-unit-ft-day-shift-gbmc","Nurse Support Technician (NST) - Mother/Baby Unit - FT Day Shift","GBMC","Baltimore, MD","on_site","full_time","Patient Care Tech","Care Workforce (CNA, GNA, Caregiver)","12","","text:cna | text:hha | summary:patient care tech","Curated Patient Care Tech role at GBMC.","https://gbmc.wd1.myworkdayjobs.com/en-US/GBMC/job/Nurse-Support-Technician--NST---Mother-Baby-Unit--FT-Day-Shift-7A---7-30P_JR106593"
"nurse-support-technician-nst-mother-baby-unit-apply-gbmc","Nurse Support Technician (NST) - Mother/Baby Unit - Apply","GBMC","Baltimore, MD","on_site","full_time","Patient Care Tech","Care Workforce (CNA, GNA, Caregiver)","12","","text:cna | text:hha | summary:patient care tech","Curated Patient Care Tech role at GBMC.","https://gbmc.wd1.myworkdayjobs.com/en-US/gbmc/job/GBMC-Hospital/Nurse-Support-Technician--NST---Mother-Baby-Unit--FT-Day-Shift-7A---7-30P_JR106593/apply/applyManually"
"certified-nursing-assistant-unit-47-med-tele-behavioral-health-gbmc","Certified Nursing Assistant - Unit 47 Med/Tele/Behavioral Health","GBMC","Baltimore, MD","on_site","full_time","CNA","Care Workforce (CNA, GNA, Caregiver)","41","","summary:cna | title:certified nursing assistant | title:nursing assistant | text:hha | db_category:CNA","Curated CNA role at GBMC.","https://gbmc.wd1.myworkdayjobs.com/en-US/GBMC/job/Certified-Nursing-Assistant---Unit-47---Med-Tele-Behavioral-Health-7a-730p_JR106709"
"care-navigator-remote-massachusetts-caresource-commonwealth-care-alliance-batch-two","Care Navigator (Remote - Massachusetts)","CareSource / Commonwealth Care Alliance","MA / Remote","remote","full_time","Care Management / Clinical Operations","Operations","16","Medicaid Coverage & Eligibility | Care Management & Coordination","summary:operations | text:coordination | db_category:Care Management / Clinical Operations","Curated MedicaidReady Careers listing for Care Navigator (Remote - Massachusetts) at CareSource / Commonwealth Care Alliance, focused on care management / clinical operations in a healthcare, managed care, Medicaid, Medicare, or marketplace environment.","https://careers.caresource.com/search/jobdetails/care-navigator-remote---massachusetts/fa00121c-171c-4c86-b1f3-bc098eec9c4c"
"ltss-service-coordinator-clinician-elevance-health-batch-two","LTSS Service Coordinator-Clinician","Elevance Health","Roanoke, Blacksburg, Lynchburg, VA / Field","on_site","full_time","Care Management / Clinical Operations","Care Management & Coordination","26","Operations","summary:care management | title:service coordinator | text:utilization management | text:care coordination | text:member support | title:ltss","Curated MedicaidReady Careers listing for LTSS Service Coordinator-Clinician at Elevance Health, focused on care management / clinical operations in a healthcare, managed care, Medicaid, Medicare, or marketplace environment.","https://careers.elevancehealth.com/ltss-service-coordinator-clinician/job/5B94C4031901D54FE9AEC87736695FC4"
"care-review-clinician-rn-molina-healthcare-batch-two","Care Review Clinician (RN)","Molina Healthcare","United States / Remote","remote","full_time","Care Management / Clinical Operations","Operations","16","Care Management & Coordination","summary:operations | text:coordination | db_category:Care Management / Clinical Operations","Curated MedicaidReady Careers listing for Care Review Clinician (RN) at Molina Healthcare, focused on care management / clinical operations in a healthcare, managed care, Medicaid, Medicare, or marketplace environment.","https://careers.molinahealthcare.com/job/united-states/care-review-clinician-rn/21726/94984014416"
"hybrid-intake-registered-nurse-rn-uas-brooklyn-caresource-commonwealth-care-alliance-batch","Hybrid Intake Registered Nurse (RN) - UAS Brooklyn","CareSource / Commonwealth Care Alliance","Brooklyn, NY / Hybrid","hybrid","full_time","Care Management / Clinical Operations","Operations","16","Care Management & Coordination","summary:operations | text:coordination | db_category:Care Management / Clinical Operations","Curated MedicaidReady Careers listing for Hybrid Intake Registered Nurse (RN) - UAS Brooklyn at CareSource / Commonwealth Care Alliance, focused on care management / clinical operations in a healthcare, managed care, Medicaid, Medicare, or marketplace environment.","https://careers.caresource.com/search/jobdetails/hybrid-intake-registered-nurse-rn---uas-brooklyn/7f4bf6b0-dfa4-4fa6-888b-1d3e17faee00"
"vice-president-provider-engagement-centene-corporation-batch-two","Vice President, Provider Engagement","Centene Corporation","Long Island City, NY","hybrid","full_time","Provider Relations / Network Operations","Operations","15","Provider Data & Credentialing","summary:operations | db_category:Provider Relations / Network Operations","Curated MedicaidReady Careers listing for Vice President, Provider Engagement at Centene Corporation, focused on provider relations / network operations in a healthcare, managed care, Medicaid, Medicare, or marketplace environment.","https://jobs.centene.com/us/en/jobs/1636992/vice-president-provider-engagement/"
"medical-director-behavioral-health-molina-healthcare-batch-two","Medical Director, Behavioral Health","Molina Healthcare","United States","remote","full_time","Care Management / Clinical Operations","Operations","16","Care Management & Coordination","summary:operations | text:coordination | db_category:Care Management / Clinical Operations","Curated MedicaidReady Careers listing for Medical Director, Behavioral Health at Molina Healthcare, focused on care management / clinical operations in a healthcare, managed care, Medicaid, Medicare, or marketplace environment.","https://careers.molinahealthcare.com/job/united-states/medical-director-behavioral-health/21726/93704476992"
"senior-specialist-delegation-oversight-remote-molina-healthcare-batch-two","Senior Specialist, Delegation Oversight (Remote)","Molina Healthcare","United States / Remote","remote","full_time","Compliance / Appeals","Compliance, Risk & Regulatory","5","Government & Public Sector | Medicaid Coverage & Eligibility","summary:compliance | text:regulatory | text:audit","Curated MedicaidReady Careers listing for Senior Specialist, Delegation Oversight (Remote) at Molina Healthcare, focused on compliance / appeals in a healthcare, managed care, Medicaid, Medicare, or marketplace environment.","https://careers.molinahealthcare.com/job/united-states/senior-specialist-delegation-oversight-remote/21726/94867371776"
"plan-chief-financial-officer-illinois-centene-corporation-batch-two","Plan Chief Financial Officer","Centene Corporation","Burr Ridge, IL","hybrid","full_time","Medicaid Operations","Operations","15","","summary:operations | db_category:Medicaid Operations","Curated MedicaidReady Careers listing for Plan Chief Financial Officer - Illinois at Centene Corporation, focused on medicaid operations in a healthcare, managed care, Medicaid, Medicare, or marketplace environment.","https://jobs.centene.com/us/en/jobs/1633490/plan-chief-financial-officer/"
"chief-medical-officer-new-york-centene-corporation-batch-two","Chief Medical Officer - New York","Centene Corporation","Long Island City, NY / Remote-NY","remote","full_time","Medicaid Operations","Operations","15","","summary:operations | db_category:Medicaid Operations","Curated MedicaidReady Careers listing for Chief Medical Officer - New York at Centene Corporation, focused on medicaid operations in a healthcare, managed care, Medicaid, Medicare, or marketplace environment.","https://jobs.centene.com/us/en/jobs/1635713/chief-medical-officer/"
"plan-chief-financial-officer-louisiana-centene-corporation-batch-two","Plan Chief Financial Officer - Louisiana","Centene Corporation","Baton Rouge or Covington, LA","hybrid","full_time","Medicaid Operations","Operations","15","","summary:operations | db_category:Medicaid Operations","Curated MedicaidReady Careers listing for Plan Chief Financial Officer - Louisiana at Centene Corporation, focused on medicaid operations in a healthcare, managed care, Medicaid, Medicare, or marketplace environment.","https://jobs.centene.com/us/en/jobs/1623300/plan-chief-financial-officer/"
"compliance-officer-mississippi-centene-corporation-batch-two","Compliance Officer - Mississippi","Centene Corporation","Remote-MS","remote","full_time","Compliance / Appeals","Compliance, Risk & Regulatory","7","Medicaid Coverage & Eligibility","title:compliance | text:regulatory | text:audit","Curated MedicaidReady Careers listing for Compliance Officer - Mississippi at Centene Corporation, focused on compliance / appeals in a healthcare, managed care, Medicaid, Medicare, or marketplace environment.","https://jobs.centene.com/us/en/jobs/1639787/compliance-officer-mississippi/"
"director-architecture-remote-unitedhealth-group-optum-batch-two","Director Architecture - Remote","UnitedHealth Group / Optum","Eden Prairie, MN / Remote","remote","full_time","Medicaid Operations","Operations","15","","summary:operations | db_category:Medicaid Operations","Curated MedicaidReady Careers listing for Director Architecture - Remote at UnitedHealth Group / Optum, focused on medicaid operations in a healthcare, managed care, Medicaid, Medicare, or marketplace environment.","https://careers.unitedhealthgroup.com/job/eden-prairie/director-architecture-remote/34088/95012675120"
"senior-consultant-quality-measurement-remote-unitedhealth-group-optum-batch2","Senior Consultant, Quality Measurement - Remote","UnitedHealth Group / Optum","Washington, DC / Remote","remote","full_time","Quality Measurement / Medicaid Consulting","Government & Public Sector","6","Operations | Medicaid Coverage & Eligibility","text:government program | text:government | description:public-sector","Curated MedicaidReady Careers listing for Senior Consultant, Quality Measurement - Remote at UnitedHealth Group / Optum, focused on quality measurement / medicaid consulting in a healthcare, managed care, Medicaid, Medicare, or marketplace environment.","https://careers.unitedhealthgroup.com/job/washington-d-c/senior-consultant-quality-measurement-remote/34088/94780654672"
"senior-consultant-payment-model-implementation-remote-unitedhealth-group-optum-batch2","Senior Consultant, Payment Model Implementation - Remote","UnitedHealth Group / Optum","Washington, DC / Remote","remote","full_time","Payment Model / Program Implementation","Government & Public Sector","6","Operations | Medicaid Coverage & Eligibility","text:government program | text:government | description:public-sector","Curated MedicaidReady Careers listing for Senior Consultant, Payment Model Implementation - Remote at UnitedHealth Group / Optum, focused on payment model / program implementation in a healthcare, managed care, Medicaid, Medicare, or marketplace environment.","https://careers.unitedhealthgroup.com/job/washington-d-c/senior-consultant-payment-model-implementation-remote/34088/93504540096"
"principal-ai-ml-engineer-remote-unitedhealth-group-optum-a37d7389cb","Principal AI/ML Engineer - Remote","UnitedHealth Group / Optum","Eden Prairie, MN / Remote","remote","full_time","healthcare_it","Healthcare IT & Systems","20","Data Science & Analytics","summary:healthcare it | text:ehr | text:healthcare systems | db_category:healthcare_it","Curated healthcare it role at UnitedHealth Group / Optum, linking to the employer's official careers page.","https://careers.unitedhealthgroup.com/search-jobs?keyword=2346821"
"cna-certified-nursing-assistant-crestview-manor-healthcare-center-communicare-heal-473b2b886f","CNA Certified Nursing Assistant - Crestview Manor Healthcare Center","CommuniCare Health Services","United States","on_site","full_time","cna","Care Workforce (CNA, GNA, Caregiver)","52","","title:cna | text:gna | title:certified nursing assistant | title:nursing assistant | text:hha | text:dsp | text:direct support | db_category:cna","Curated cna role at CommuniCare Health Services, linking to the employer's official careers page.","https://communicarehealth.wd1.myworkdayjobs.com/en-US/CHSExternalCareerSite/job/Crestview-Manor-Healthcare-Center/CNA-Certified-Nursing-Assistant_R-0000053441/apply"
"direct-support-professional-sunrise-community-86f459821b","Direct Support Professional","Sunrise Community","United States","on_site","part_time","direct_support_professional","Care Workforce (CNA, GNA, Caregiver)","27","","text:cna | text:gna | text:hha | title:direct support professional | text:dsp | title:direct support","Curated direct support professional role at Sunrise Community, linking to the employer's official careers page.","https://sunrisegroup.wd108.myworkdayjobs.com/en-US/Sunrise_Careers/job/Direct-Support-Professional_R-525"
"senior-data-scientist-remote-unitedhealth-group-optum-028e6a2e23","Senior Data Scientist - Remote","UnitedHealth Group / Optum","Eden Prairie, MN / Remote","remote","full_time","healthcare_data_analyst","Data Science & Analytics","19","","title:data scientist | summary:data analyst | text:analytics | text:sql | text:reporting","Curated healthcare data analyst role at UnitedHealth Group / Optum, linking to the employer's official careers page.","https://careers.unitedhealthgroup.com/search-jobs?keyword=2343643"
"senior-director-ai-ml-engineering-remote-unitedhealth-group-optum-017b036397","Senior Director, AI/ML Engineering - Remote","UnitedHealth Group / Optum","Eden Prairie, MN / Remote","remote","full_time","healthcare_it","Healthcare IT & Systems","20","Data Science & Analytics","summary:healthcare it | text:ehr | text:healthcare systems | db_category:healthcare_it","Curated healthcare it role at UnitedHealth Group / Optum, linking to the employer's official careers page.","https://careers.unitedhealthgroup.com/search-jobs?keyword=2340554"
"senior-ai-ml-engineer-remote-unitedhealth-group-optum-5785378991","Senior AI/ML Engineer - Remote","UnitedHealth Group / Optum","Eden Prairie, MN / Remote","remote","full_time","healthcare_it","Healthcare IT & Systems","20","Data Science & Analytics","summary:healthcare it | text:ehr | text:healthcare systems | db_category:healthcare_it","Curated healthcare it role at UnitedHealth Group / Optum, linking to the employer's official careers page.","https://careers.unitedhealthgroup.com/search-jobs?keyword=2356023"
"senior-analyst-medical-economics-remote-molina-healthcare-39dd318293","Senior Analyst, Medical Economics - Remote","Molina Healthcare","Remote","remote","full_time","healthcare_data_analyst","Data Science & Analytics","9","Healthcare Analytics | Claims & Payer Operations | Technology & Engineering","summary:data analyst | text:analytics | text:sql | text:reporting","Curated healthcare data analyst role at Molina Healthcare, linking to the employer's official careers page.","https://careers.molinahealthcare.com/job/united-states/senior-analyst-medical-economics-remote/21726/94487293808"
"senior-agentic-ai-engineer-remote-molina-healthcare-8a46d97e9d","Senior Agentic AI Engineer - Remote","Molina Healthcare","Remote","remote","full_time","healthcare_it","Healthcare IT & Systems","20","","summary:healthcare it | text:ehr | text:healthcare systems | db_category:healthcare_it","Curated healthcare it role at Molina Healthcare, linking to the employer's official careers page.","https://careers.molinahealthcare.com/job/united-states/senior-agentic-ai-engineer-remote/21726/91387536544"
"direct-support-professional-centre-for-life-development-sunrise-community-e4471d25fe","Direct Support Professional - Centre for Life Development","Sunrise Community","United States","on_site","full_time","direct_support_professional","Care Workforce (CNA, GNA, Caregiver)","27","","text:cna | text:gna | text:hha | title:direct support professional | text:dsp | title:direct support","Curated direct support professional role at Sunrise Community, linking to the employer's official careers page.","https://sunrisegroup.wd108.myworkdayjobs.com/en-US/Sunrise_Careers/job/direct-support-professional_R-112"
"director-data-management-eim-health-plan-analytics-ai-and-ml-remote-molina-healthc-7c5df7c06a","Director, Data Management (EIM / Health Plan Analytics / AI & ML) - Remote","Molina Healthcare","Remote","remote","full_time","healthcare_data_analyst","Data Science & Analytics","13","","summary:data analyst | title:analytics | text:sql | text:reporting","Curated healthcare data analyst role at Molina Healthcare, linking to the employer's official careers page.","https://careers.molinahealthcare.com/job/united-states/director-data-management-eim-health-plan-analytics-ai-and-ml-remote/21726/92585048112"
"direct-support-professional-rha-health-services-4ce00e1fe8","Direct Support Professional","RHA Health Services","United States","on_site","full_time","direct_support_professional","Care Workforce (CNA, GNA, Caregiver)","27","","text:cna | text:gna | text:hha | title:direct support professional | text:dsp | title:direct support","Curated direct support professional role at RHA Health Services, linking to the employer's official careers page.","https://rhahealthservices.wd1.myworkdayjobs.com/en-US/1/job/Direct-Support-Professional_R61052-1"
"certified-nursing-assistant-cna-varied-shifts-home-assistance-southern-maryland-ad-3f6aa0e31b","Certified Nursing Assistant (CNA), Varied Shifts, Home Assistance - Southern Maryland","Adventist HealthCare","Waldorf, MD","on_site","part_time","cna","Care Workforce (CNA, GNA, Caregiver)","52","","title:cna | text:gna | title:certified nursing assistant | title:nursing assistant | text:hha | text:dsp | text:direct support | db_category:cna","Curated cna role at Adventist HealthCare, linking to the employer's official careers page.","https://adventisthealthcare.wd1.myworkdayjobs.com/en-US/AdventistHealthCareCareers/job/Waldorf-MD/Certified-Nursing-Assistant--CNA---Varied-Shifts--Home-Assistance_R-034898/apply?jobFamilyGroup=9416f98c4684018c48128eb5ea01c45e"
"certified-nursing-assistant-cna-day-shift-medicine-adventist-healthcare-267804124d","Certified Nursing Assistant (CNA), Day Shift, Medicine","Adventist HealthCare","Rockville, MD","on_site","full_time","cna","Care Workforce (CNA, GNA, Caregiver)","52","","title:cna | text:gna | title:certified nursing assistant | title:nursing assistant | text:hha | text:dsp | text:direct support | db_category:cna","Curated cna role at Adventist HealthCare, linking to the employer's official careers page.","https://adventisthealthcare.wd1.myworkdayjobs.com/AdventistHealthCareCareers/job/Rockville-MD/Certified-Nursing-Assistant--CNA---Day-Shift--Medicine_R-041517"
"certified-nursing-assistant-cna-student-academy-adventist-healthcare-07cedd99d1","Certified Nursing Assistant (CNA) Student Academy","Adventist HealthCare","Maryland","on_site","full_time","cna","Care Workforce (CNA, GNA, Caregiver)","52","","title:cna | text:gna | title:certified nursing assistant | title:nursing assistant | text:hha | text:dsp | text:direct support | db_category:cna","Curated cna role at Adventist HealthCare, linking to the employer's official careers page.","https://adventisthealthcare.wd1.myworkdayjobs.com/en-US/AdventistHealthCareCareers/job/Certified-Nursing-Assistant--CNA--Student-Academy---July---September-2026-Cohorts_R-041615"
"epic-dorothy-clinical-sr-analyst-remote-unitedhealth-group-optum-2b1f67569c","Epic Dorothy Clinical Sr. Analyst - Remote","UnitedHealth Group / Optum","Eden Prairie, MN / Remote","remote","full_time","ehr_analyst","Healthcare IT & Systems","15","","summary:ehr analyst | summary:ehr | title:epic | text:healthcare systems","Curated ehr analyst role at UnitedHealth Group / Optum, linking to the employer's official careers page.","https://careers.unitedhealthgroup.com/job/eden-prairie/epic-dorothy-clinical-sr-analyst-remote/34088/94747077872"
"certified-nursing-assistant-cna-per-diem-night-shift-float-pool-ii-adventist-healt-aa62a2aad0","Certified Nursing Assistant (CNA), Per Diem Night Shift, Float Pool II","Adventist HealthCare","Maryland","on_site","part_time","cna","Care Workforce (CNA, GNA, Caregiver)","52","","title:cna | text:gna | title:certified nursing assistant | title:nursing assistant | text:hha | text:dsp | text:direct support | db_category:cna","Curated cna role at Adventist HealthCare, linking to the employer's official careers page.","https://adventisthealthcare.wd1.myworkdayjobs.com/en-US/AdventistHealthCareCareers/job/Certified-Nursing-Assistant--CNA---Per-Diem-Night-Shift--Float-Pool-ll_R-040652"
"patient-care-tech-cna-night-shift-rehabilitation-adventist-healthcare-72c0072b02","Patient Care Tech (CNA), Night Shift, Rehabilitation","Adventist HealthCare","Maryland","on_site","full_time","patient_care_tech","Care Workforce (CNA, GNA, Caregiver)","30","","title:cna | text:gna | text:hha | text:dsp | title:patient care tech | text:direct support","Curated patient care tech role at Adventist HealthCare, linking to the employer's official careers page.","https://adventisthealthcare.wd1.myworkdayjobs.com/en-US/AdventistHealthCareCareers/job/Patient-Care-Tech--CNA---Night-Shift--Rehabilitation_R-041309"
"home-health-aide-cna-day-shift-home-health-southern-maryland-adventist-healthcare-a2242af146","Home Health Aide (CNA), Day Shift, Home Health - Southern Maryland","Adventist HealthCare","Southern Maryland","on_site","full_time","home_health_aide","Care Workforce (CNA, GNA, Caregiver)","30","","title:cna | text:gna | title:home health aide | text:hha | text:dsp | text:direct support","Curated home health aide role at Adventist HealthCare, linking to the employer's official careers page.","https://adventisthealthcare.wd1.myworkdayjobs.com/en-US/AdventistHealthCareCareers/job/Home-Health-Aide--CNA---Day-Shift--Home-Health_R-038472"
"wound-ostomy-care-technician-cna-day-shift-wound-care-adventist-healthcare-2bcb85d972","Wound Ostomy Care Technician (CNA), Day Shift, Wound Care","Adventist HealthCare","Maryland","on_site","full_time","patient_care_tech","Care Workforce (CNA, GNA, Caregiver)","26","","title:cna | text:gna | text:hha | text:dsp | summary:patient care tech | text:direct support","Curated patient care tech role at Adventist HealthCare, linking to the employer's official careers page.","https://adventisthealthcare.wd1.myworkdayjobs.com/en-US/AdventistHealthCareCareers/job/Wound-Ostomy-Care-Technician--CNA---Day-Shift--Wound-Care_R-041571-1"
"certified-nursing-assistant-acute-onc-trinity-health-15fd7be9bb","Certified Nursing Assistant - Acute/Onc","Trinity Health","Silver Spring, MD","on_site","full_time","cna","Care Workforce (CNA, GNA, Caregiver)","48","","summary:cna | text:gna | title:certified nursing assistant | title:nursing assistant | text:hha | text:dsp | text:direct support | db_category:cna","Curated cna role at Trinity Health, linking to the employer's official careers page.","https://trinityhealth.wd1.myworkdayjobs.com/jobs/job/Silver-Spring-Maryland/Certified-Nursing-Assistant---Acute-Onc_00665213/apply"
"certified-nursing-assistant-trinity-health-01497ccaf2","Certified Nursing Assistant","Trinity Health","United States","on_site","full_time","cna","Care Workforce (CNA, GNA, Caregiver)","48","","summary:cna | text:gna | title:certified nursing assistant | title:nursing assistant | text:hha | text:dsp | text:direct support | db_category:cna","Curated cna role at Trinity Health, linking to the employer's official careers page.","https://trinityhealth.wd1.myworkdayjobs.com/Jobs/job/Certified-Nursing-Assistant_00614002/apply"
"eddy-memorial-geriatric-center-certified-nursing-assistant-trinity-health-f5ee948a87","Eddy Memorial Geriatric Center - Certified Nursing Assistant","Trinity Health","Troy, NY","on_site","full_time","gna","Care Workforce (CNA, GNA, Caregiver)","48","","text:cna | summary:gna | title:certified nursing assistant | title:nursing assistant | text:hha | text:dsp | text:direct support | db_category:gna","Curated gna role at Trinity Health, linking to the employer's official careers page.","https://trinityhealth.wd1.myworkdayjobs.com/jobs/job/spny---eddy-memorial-geriatric/certified-nursing-assistant---eddy-memorial-geriatric-center--troy---all-shifts--_00596147/apply"
"ltss-service-coordinator-rn-clinician-elevance-health","LTSS Service Coordinator-RN Clinician","Elevance Health","Northern Virginia / Field","hybrid","full_time","LTSS / Medicaid Care Coordination","Care Management & Coordination","22","","text:case management | title:service coordinator | text:care coordination | summary:member support | title:ltss","Coordinate LTSS and complex care needs for Medicaid members through assessments, care planning, and field-based member support.","https://careers.elevancehealth.com/ltss-service-coordinator-rn-clinician/job/B5611F1F742159AF6238C7234F8B73BB"
"hospice-certified-nursing-assistant-trinity-health-8b73c08d17","Hospice Certified Nursing Assistant","Trinity Health","Des Moines, IA","on_site","full_time","home_health_aide","Care Workforce (CNA, GNA, Caregiver)","39","","text:cna | text:gna | title:certified nursing assistant | title:nursing assistant | summary:home health aide | text:hha | text:dsp | text:direct support","Curated home health aide role at Trinity Health, linking to the employer's official careers page.","https://trinityhealth.wd1.myworkdayjobs.com/Jobs/job/MercyOne-Des-Moines-HH-and-Hospice/Trinity-Health---MercyOne-Hospice---CNA_00666192/apply"
"certified-nurse-assistant-cna-home-health-aide-trinity-health-4f84881c48","Certified Nurse Assistant (CNA) / Home Health Aide","Trinity Health","United States","on_site","full_time","home_health_aide","Care Workforce (CNA, GNA, Caregiver)","30","","title:cna | text:gna | title:home health aide | text:hha | text:dsp | text:direct support","Curated home health aide role at Trinity Health, linking to the employer's official careers page.","https://trinityhealth.wd1.myworkdayjobs.com/en-us/jobs/job/certified-nurse-assistant--cna--home-health-aide_00655057/apply"
"home-health-aide-hospice-full-time-days-trinity-health-9794ecf689","Home Health Aide - Hospice - Full Time Days","Trinity Health","United States","on_site","full_time","home_health_aide","Care Workforce (CNA, GNA, Caregiver)","23","","text:cna | text:gna | title:home health aide | text:hha | text:dsp | text:direct support","Curated home health aide role at Trinity Health, linking to the employer's official careers page.","https://trinityhealth.wd1.myworkdayjobs.com/en-us/jobs/job/home-health-aide---hospice----full-time-days_00656063/apply"
"hospice-home-health-aide-trinity-health-06d391c2d8","Hospice Home Health Aide","Trinity Health","United States","on_site","full_time","home_health_aide","Care Workforce (CNA, GNA, Caregiver)","23","","text:cna | text:gna | title:home health aide | text:hha | text:dsp | text:direct support","Curated home health aide role at Trinity Health, linking to the employer's official careers page.","https://trinityhealth.wd1.myworkdayjobs.com/Jobs/job/Mount-Carmel-Hospice/Hospice-Home-Health-Aide_00645607-1/apply"
"home-health-aide-ii-eddy-senior-care-adult-daycare-part-time-days-trinity-health-7348c9822d","Home Health Aide II - Eddy Senior Care Adult Daycare - Part Time Days","Trinity Health","Troy, NY","on_site","part_time","home_health_aide","Care Workforce (CNA, GNA, Caregiver)","28","","text:cna | text:gna | title:home health aide | text:hha | text:dsp | title:senior care | text:direct support","Curated home health aide role at Trinity Health, linking to the employer's official careers page.","https://trinityhealth.wd1.myworkdayjobs.com/en-us/jobs/job/home-health-aide-ii--eddy-senior-care-adult-daycare---part-time-days_00649035/apply"
"home-health-aide-eddy-memorial-geriatric-center-part-time-night-trinity-health-3530648082","Home Health Aide - Eddy Memorial Geriatric Center - Part Time Night","Trinity Health","Troy, NY","on_site","part_time","home_health_aide","Care Workforce (CNA, GNA, Caregiver)","23","","text:cna | text:gna | title:home health aide | text:hha | text:dsp | text:direct support","Curated home health aide role at Trinity Health, linking to the employer's official careers page.","https://trinityhealth.wd1.myworkdayjobs.com/jobs/job/Eddy-Memorial-Geriatric-Center--Terrace---Troy-New-York/Home-Health-Aide---Eddy-Memorial-Geriatric-Center---Part-Time-Night_00661297/apply"
"homecare-certified-nursing-assistant-trinity-health-af65cbd44c","Homecare Certified Nursing Assistant","Trinity Health","Mishawaka, IN","on_site","part_time","home_health_aide","Care Workforce (CNA, GNA, Caregiver)","39","","text:cna | text:gna | title:certified nursing assistant | title:nursing assistant | summary:home health aide | text:hha | text:dsp | text:direct support","Curated home health aide role at Trinity Health, linking to the employer's official careers page.","https://trinityhealth.wd1.myworkdayjobs.com/jobs/job/mishawaka-in/homecare-cna--part-time---saint-joseph-pace_00614477/apply"
"certified-nursing-assistant-u42-nightshift-ft-gbmc-healthcare-b28bcc0874","Certified Nursing Assistant - U42 Nightshift - FT","GBMC HealthCare","Baltimore, MD","on_site","full_time","cna","Care Workforce (CNA, GNA, Caregiver)","48","","summary:cna | text:gna | title:certified nursing assistant | title:nursing assistant | text:hha | text:dsp | text:direct support | db_category:cna","Curated cna role at GBMC HealthCare, linking to the employer's official careers page.","https://gbmc.wd1.myworkdayjobs.com/en-US/GBMC/job/Certified-Nursing-Assistant---U42---Medicine-Telemetry-Oncology---Nightshift--7pm-7-30am----FT_JR106637"
"chief-medical-officer-centene-corporation","Chief Medical Officer","Centene Corporation","Remote-LA","remote","full_time","Clinical Executive Leadership","Operations","5","Medicaid Coverage & Eligibility","text:program operations | description:operations","Provide senior medical oversight and leadership for quality, cost-effective healthcare services in a Medicaid-focused market.","https://jobs.centene.com/us/en/jobs/1637124/chief-medical-officer/"
"certified-nursing-assistant-unit-35-med-tele-prn-gbmc-healthcare-1134ef0e88","Certified Nursing Assistant - Unit 35 Med/Tele - PRN","GBMC HealthCare","Baltimore, MD","on_site","part_time","cna","Care Workforce (CNA, GNA, Caregiver)","48","","summary:cna | text:gna | title:certified nursing assistant | title:nursing assistant | text:hha | text:dsp | text:direct support | db_category:cna","Curated cna role at GBMC HealthCare, linking to the employer's official careers page.","https://gbmc.wd1.myworkdayjobs.com/en-US/GBMC/job/Certified-Nursing-Assistant--CNA---Unit-35-Med-Tele--PRN_JR106411"
"certified-nursing-assistant-m-b-unit-24-hrs-wk-gbmc-healthcare-38d9d77fcd","Certified Nursing Assistant - M/B Unit - 24 hrs/wk","GBMC HealthCare","Baltimore, MD","on_site","part_time","cna","Care Workforce (CNA, GNA, Caregiver)","48","","summary:cna | text:gna | title:certified nursing assistant | title:nursing assistant | text:hha | text:dsp | text:direct support | db_category:cna","Curated cna role at GBMC HealthCare, linking to the employer's official careers page.","https://gbmc.wd1.myworkdayjobs.com/en-US/GBMC/job/Certified-Nursing-Assistant--M-B-Unit--24-hrs-wk_JR106763/apply"
"duet-direct-support-professional-community-duet-831c833688","Duet Direct Support Professional - Community","Duet","Grand Island, NE","on_site","full_time","direct_support_professional","Care Workforce (CNA, GNA, Caregiver)","27","","text:cna | text:gna | text:hha | title:direct support professional | text:dsp | title:direct support","Curated direct support professional role at Duet, linking to the employer's official careers page.","https://enhsa.wd115.myworkdayjobs.com/en-US/Duet1/job/Duet--Direct-Support-Professional-Community_R-4615"
"vocational-direct-support-professional-dsp-monarch-71cd64cd63","Vocational Direct Support Professional / DSP","Monarch","Lincolnton, NC","on_site","part_time","direct_support_professional","Care Workforce (CNA, GNA, Caregiver)","34","","text:cna | text:gna | text:hha | title:direct support professional | title:dsp | title:direct support","Curated direct support professional role at Monarch, linking to the employer's official careers page.","https://monarch.wd5.myworkdayjobs.com/en-US/Monarch/job/Developmental-Specialist-Vocational_R12011"
"manager-process-improvement-operational-excellence-remote-molina-healthcare","Manager, Process Improvement & Operational Excellence - Remote","Molina Healthcare","Remote","remote","full_time","Process Improvement / Operational Excellence","Operations","6","Business Analyst","text:program operations | summary:operations","Lead process improvement initiatives that increase operational efficiency and customer satisfaction across healthcare operations.","https://careers.molinahealthcare.com/job/united-states/manager-process-improvement-and-operational-excellence-remote/21726/94487290592"
"direct-support-professional-dsp-community-services-group-313b786c51","Direct Support Professional (DSP)","Community Services Group","United States","on_site","full_time","direct_support_professional","Care Workforce (CNA, GNA, Caregiver)","34","","text:cna | text:gna | text:hha | title:direct support professional | title:dsp | title:direct support","Curated direct support professional role at Community Services Group, linking to the employer's official careers page.","https://csgonline.wd5.myworkdayjobs.com/en-US/CSG/job/Direct-Support-Professional_-10/apply?utm_source=ziprecruiter"
"cna-certified-nursing-assistant-bridgewater-healthcare-center-communicare-health-s-85fbe6a37f","CNA Certified Nursing Assistant - Bridgewater Healthcare Center","CommuniCare Health Services","United States","on_site","full_time","cna","Care Workforce (CNA, GNA, Caregiver)","52","","title:cna | text:gna | title:certified nursing assistant | title:nursing assistant | text:hha | text:dsp | text:direct support | db_category:cna","Curated cna role at CommuniCare Health Services, linking to the employer's official careers page.","https://communicarehealth.wd1.myworkdayjobs.com/en-US/CHSExternalCareerSite/job/Bridgewater-Healthcare-Center/CNA-Certified-Nursing-Assistant_R-0000001615?locations=942ce91367f801ca0c7957216b098826"
"lead-ai-ml-engineer-nlp-remote-unitedhealth-group-optum-6899c63ff3","Lead AI/ML Engineer (NLP) - Remote","UnitedHealth Group / Optum","Eden Prairie, MN / Remote","remote","full_time","healthcare_it","Healthcare IT & Systems","20","Data Science & Analytics","summary:healthcare it | text:ehr | text:healthcare systems | db_category:healthcare_it","Curated healthcare it role at UnitedHealth Group / Optum, linking to the employer's official careers page.","https://careers.unitedhealthgroup.com/search-jobs?keyword=2287157"
"senior-technical-product-manager-unitedhealth-group-optum-9bdf56459a","Senior Technical Product Manager","UnitedHealth Group / Optum","Eden Prairie, MN / Remote","remote","full_time","healthcare_product_manager","Claims & Payer Operations","7","Technology & Engineering","description:payer operations | text:claims | description:payer","Curated healthcare product manager role at UnitedHealth Group / Optum, linking to the employer's official careers page.","https://careers.unitedhealthgroup.com/search-jobs?keyword=2352454"
"director-ai-architecture-remote-unitedhealth-group-optum-426bf69b77","Director AI Architecture - Remote","UnitedHealth Group / Optum","Eden Prairie, MN / Remote","remote","full_time","healthcare_it","Healthcare IT & Systems","20","","summary:healthcare it | text:ehr | text:healthcare systems | db_category:healthcare_it","Curated healthcare it role at UnitedHealth Group / Optum, linking to the employer's official careers page.","https://careers.unitedhealthgroup.com/search-jobs?keyword=2343649"
"principal-data-scientist-remote-unitedhealth-group-optum-a668cd0cb6","Principal Data Scientist - Remote","UnitedHealth Group / Optum","Eden Prairie, MN / Remote","remote","full_time","healthcare_data_analyst","Data Science & Analytics","19","","title:data scientist | summary:data analyst | text:analytics | text:sql | text:reporting","Curated healthcare data analyst role at UnitedHealth Group / Optum, linking to the employer's official careers page.","https://careers.unitedhealthgroup.com/search-jobs?keyword=2362793"
"cna-certified-nursing-assistant-prn-communicare-health-services-79e21c847f","CNA Certified Nursing Assistant PRN","CommuniCare Health Services","United States","on_site","part_time","cna","Care Workforce (CNA, GNA, Caregiver)","52","","title:cna | text:gna | title:certified nursing assistant | title:nursing assistant | text:hha | text:dsp | text:direct support | db_category:cna","Curated cna role at CommuniCare Health Services, linking to the employer's official careers page.","https://communicarehealth.wd1.myworkdayjobs.com/en-us/chsexternalcareersite/job/cna-certified-nursing-assistant-prn_r-0000096833-2/apply"
"manager-medical-economics-remote-molina-healthcare","Manager, Medical Economics - Remote","Molina Healthcare","Remote","remote","full_time","Medical Economics / Healthcare Analytics","Healthcare Analytics","21","","description:healthcare analytics | title:medical economics | db_category:Medical Economics / Healthcare Analytics","Lead medical economics analysis, healthcare cost review, and performance insight work for Medicaid, Medicare, or managed care programs.","https://careers.molinahealthcare.com/job/united-states/manager-medical-economics-remote/21726/94461191360"
"hospice-aide-pg-county-senior-living-gbmc-healthcare-gilchrist-3379e0831f","Hospice Aide - PG County - Senior Living","GBMC HealthCare / Gilchrist","Prince George's County, MD","on_site","full_time","home_health_aide","Care Workforce (CNA, GNA, Caregiver)","19","","text:cna | text:gna | summary:home health aide | text:hha | text:dsp | text:direct support","Curated home health aide role at GBMC HealthCare / Gilchrist, linking to the employer's official careers page.","https://gbmc.wd1.myworkdayjobs.com/en-US/GBMC/job/Hospice-Aide_JR106259"
"hospice-aide-gilchrist-inova-gbmc-healthcare-gilchrist-81f6044182","Hospice Aide - Gilchrist Inova","GBMC HealthCare / Gilchrist","Fairfax, VA","on_site","full_time","home_health_aide","Care Workforce (CNA, GNA, Caregiver)","19","","text:cna | text:gna | summary:home health aide | text:hha | text:dsp | text:direct support","Curated home health aide role at GBMC HealthCare / Gilchrist, linking to the employer's official careers page.","https://gbmc.wd1.myworkdayjobs.com/en-US/GilchristInova/job/Inova-Fairfax/Hospice-Aide---Gilchrist-Inova_JR106271-1"
"pediatric-emergency-room-inpatient-technician-i-pt-days-gbmc-healthcare-c72de1ac0c","Pediatric Emergency Room/Inpatient Technician I PT Days","GBMC HealthCare","Baltimore, MD","on_site","part_time","patient_care_tech","Care Workforce (CNA, GNA, Caregiver)","19","","text:cna | text:gna | text:hha | text:dsp | summary:patient care tech | text:direct support","Curated patient care tech role at GBMC HealthCare, linking to the employer's official careers page.","https://gbmc.wd1.myworkdayjobs.com/en-US/GBMC/job/Pediatric-Emergency-Room-Inpatient-Technician-I-PT-Days--24-hrs-wk-_JR106393"
"direct-support-professional-registered-behavior-technician-yai-a1e03474ec","Direct Support Professional - Registered Behavior Technician","YAI","United States","on_site","full_time","direct_support_professional","Care Workforce (CNA, GNA, Caregiver)","27","","text:cna | text:gna | text:hha | title:direct support professional | text:dsp | title:direct support","Curated direct support professional role at YAI, linking to the employer's official careers page.","https://yai.wd5.myworkdayjobs.com/en-US/Careers/job/Direct-Support-Professional---Registered-Behavior-Technician--DSP-RBT-_R023515"
"manager-medicaid-growth-and-retention-remote-molina-healthcare","Manager, Medicaid Growth and Retention - Remote","Molina Healthcare","Remote","remote","full_time","Medicaid Growth / Operations","Operations","18","","text:program operations | description:operations | text:coordination | db_category:Medicaid Growth / Operations","Manage Medicaid growth and retention execution, operational cadence, process improvement, and cross-health-plan initiatives.","https://careers.molinahealthcare.com/job/united-states/manager-medicaid-growth-and-retention-remote/21726/93950684288"
"meaningful-day-lead-direct-support-professional-kencrest-4e1369afdf","Meaningful Day Lead Direct Support Professional","KenCrest","United States","on_site","full_time","direct_support_professional","Care Workforce (CNA, GNA, Caregiver)","27","","text:cna | text:gna | text:hha | title:direct support professional | text:dsp | title:direct support","Curated direct support professional role at KenCrest, linking to the employer's official careers page.","https://kencrest.wd12.myworkdayjobs.com/en-US/KenCrest/job/Meaningful-Day-Lead-Direct-Support-Professional_JR101753"
"rehab-tech-acute-care-supplemental-gbmc-healthcare-12c4025993","Rehab Tech Acute Care Supplemental","GBMC HealthCare","Baltimore, MD","on_site","part_time","patient_care_tech","Care Workforce (CNA, GNA, Caregiver)","19","","text:cna | text:gna | text:hha | text:dsp | summary:patient care tech | text:direct support","Curated patient care tech role at GBMC HealthCare, linking to the employer's official careers page.","https://gbmc.wd1.myworkdayjobs.com/en-US/GBMC/job/Rehab-tech-acute-care_JR106310"
"certified-nursing-assistant-full-time-harmony-senior-services-36ad90ea7f","Certified Nursing Assistant Full-Time","Harmony Senior Services","United States","on_site","full_time","cna","Care Workforce (CNA, GNA, Caregiver)","48","","summary:cna | text:gna | title:certified nursing assistant | title:nursing assistant | text:hha | text:dsp | text:direct support | db_category:cna","Curated cna role at Harmony Senior Services, linking to the employer's official careers page.","https://harmonyseniorservices.wd108.myworkdayjobs.com/en-US/Harmony_Careers/job/Certified-Nursing-Assistant---Full-Time_JR-002468/apply/applyManually"
"certified-nursing-assistant-cna-part-time-harmony-senior-services-4bb18b8aa3","Certified Nursing Assistant (CNA) Part Time","Harmony Senior Services","United States","on_site","part_time","cna","Care Workforce (CNA, GNA, Caregiver)","52","","title:cna | text:gna | title:certified nursing assistant | title:nursing assistant | text:hha | text:dsp | text:direct support | db_category:cna","Curated cna role at Harmony Senior Services, linking to the employer's official careers page.","https://harmonyseniorservices.wd108.myworkdayjobs.com/en-US/Harmony_Careers/job/Certified-Nursing-Assistant--CNA----Part-Time_JR-001773/apply"
"certified-nursing-assistant-cna-prn-3p-11p-harmony-senior-services-fb60283b91","Certified Nursing Assistant (CNA) PRN 3p-11p","Harmony Senior Services","Bowie, MD","on_site","part_time","cna","Care Workforce (CNA, GNA, Caregiver)","52","","title:cna | text:gna | title:certified nursing assistant | title:nursing assistant | text:hha | text:dsp | text:direct support | db_category:cna","Curated cna role at Harmony Senior Services, linking to the employer's official careers page.","https://harmonyseniorservices.wd108.myworkdayjobs.com/Harmony_Careers/job/Certified-Nursing-Assistant--CNA----PRN---3p-11p_JR-000194"
"senior-consultant-payment-model-technical-assistance-unitedhealth-group-optum","Senior Consultant, Payment Model Technical Assistance","UnitedHealth Group / Optum","Washington, DC / Remote","remote","full_time","Payment Models / Consulting","Government & Public Sector","7","","summary:cms | text:federal","Support technical assistance and consulting around healthcare payment models, including CMS innovation and alternative payment model work.","https://careers.unitedhealthgroup.com/job/washington-d-c/senior-consultant-payment-model-technical-assistance/34088/95009059456"
"resident-assistant-part-time-10p-6a-harmony-senior-services-a4dde69781","Resident Assistant Part-Time 10p-6a","Harmony Senior Services","Moon Township, PA","on_site","part_time","caregiver","Care Workforce (CNA, GNA, Caregiver)","41","","text:cna | text:gna | summary:caregiver | text:hha | text:dsp | title:resident assistant | text:direct support | db_category:caregiver","Curated caregiver role at Harmony Senior Services, linking to the employer's official careers page.","https://harmonyseniorservices.wd108.myworkdayjobs.com/en-US/Harmony_Careers/job/Resident-Assistant---Part-Time---10p---6a_JR-002005"
"cna-certified-nursing-assistant-up-to-24-communicare-health-services-34a1d710b0","CNA Certified Nursing Assistant, Up to $24","CommuniCare Health Services","United States","on_site","full_time","cna","Care Workforce (CNA, GNA, Caregiver)","52","","title:cna | text:gna | title:certified nursing assistant | title:nursing assistant | text:hha | text:dsp | text:direct support | db_category:cna","Curated cna role at CommuniCare Health Services, linking to the employer's official careers page.","https://communicarehealth.wd1.myworkdayjobs.com/en-US/CHSExternalCareerSite/job/Chamberlin-Healthcare-Center/CNA-Certified-Nursing-Assistant--Up-to--26_R-0000090726-2/apply"
"cna-ft-communicare-health-services-e57c15712c","CNA FT","CommuniCare Health Services","Petersburg, VA","on_site","full_time","cna","Care Workforce (CNA, GNA, Caregiver)","32","","title:cna | text:gna | text:hha | text:dsp | text:direct support | db_category:cna","Curated cna role at CommuniCare Health Services, linking to the employer's official careers page.","https://communicarehealth.wd1.myworkdayjobs.com/en-US/CHSExternalCareerSite/job/Certified-Nursing-Assistant--CNA-_R-0000000857"
"certified-nursing-assistant-cna-cabell-healthcare-center-communicare-health-servic-491812437d","Certified Nursing Assistant CNA - Cabell Healthcare Center","CommuniCare Health Services","United States","on_site","full_time","cna","Care Workforce (CNA, GNA, Caregiver)","52","","title:cna | text:gna | title:certified nursing assistant | title:nursing assistant | text:hha | text:dsp | text:direct support | db_category:cna","Curated cna role at CommuniCare Health Services, linking to the employer's official careers page.","https://communicarehealth.wd1.myworkdayjobs.com/en-US/CHSExternalCareerSite/job/Cabell-Healthcare-Center/Certified-Nursing-Assistant-CNA-_R-0000051587-2/apply?utm_source=bandana"
"cna-certified-nursing-assistant-communicare-health-services-c04ebf0b41","CNA Certified Nursing Assistant","CommuniCare Health Services","United States","on_site","full_time","cna","Care Workforce (CNA, GNA, Caregiver)","52","","title:cna | text:gna | title:certified nursing assistant | title:nursing assistant | text:hha | text:dsp | text:direct support | db_category:cna","Curated cna role at CommuniCare Health Services, linking to the employer's official careers page.","https://communicarehealth.wd1.myworkdayjobs.com/en-US/CHSExternalCareerSite/job/CNA-Certified-Nursing-Assistant_R-0000041650-2"
"certified-nursing-assistant-cna-part-time-communicare-health-services-b43cfeb1c6","Certified Nursing Assistant CNA Part Time","CommuniCare Health Services","United States","on_site","part_time","cna","Care Workforce (CNA, GNA, Caregiver)","52","","title:cna | text:gna | title:certified nursing assistant | title:nursing assistant | text:hha | text:dsp | text:direct support | db_category:cna","Curated cna role at CommuniCare Health Services, linking to the employer's official careers page.","https://communicarehealth.wd1.myworkdayjobs.com/en-US/chsexternalcareersite/job/Certified-Nursing-Assistant-CNA-Part-Time_R-0000035147-2/apply"
"cna-certified-nursing-assistant-new-rates-up-to-22-hr-communicare-health-services-a672d1fc70","CNA Certified Nursing Assistant, New Rates Up to $22/hr","CommuniCare Health Services","United States","on_site","full_time","cna","Care Workforce (CNA, GNA, Caregiver)","52","","title:cna | text:gna | title:certified nursing assistant | title:nursing assistant | text:hha | text:dsp | text:direct support | db_category:cna","Curated cna role at CommuniCare Health Services, linking to the employer's official careers page.","https://communicarehealth.wd1.myworkdayjobs.com/en-US/CHSExternalCareerSite/job/CNA-Certified-Nursing-Assistant---New-Rates-Up-to--22-hr_R-0000090727-2/apply"
"direct-support-professional-servicesource-3c816ec83d","Direct Support Professional","ServiceSource","Alexandria, VA","on_site","full_time","direct_support_professional","Care Workforce (CNA, GNA, Caregiver)","27","","text:cna | text:gna | text:hha | title:direct support professional | text:dsp | title:direct support","Curated direct support professional role at ServiceSource, linking to the employer's official careers page.","https://servicesourceinc.wd1.myworkdayjobs.com/en-US/ServiceSource_Staff/job/Direct-Support-Professional_2025-8373"
"ltss-service-coordinator-elevance-health-mp1lo68j","LTSS Service Coordinator","Elevance Health","Williamson County / Brentwood, TN","on_site","full_time","LTSS / Medicaid Care Coordination","Care Management & Coordination","18","","title:service coordinator | summary:care coordination | title:ltss","Coordinate LTSS, IDD waiver, behavioral health, and physical health support for Medicaid members through assessments, person-centered planning, care coordination, and service navigation.","https://elevancehealth.wd1.myworkdayjobs.com/ANT/job/Tennessee---Brentwood/LTSS-Service-Coordinator_JR186576/apply"
"provider-engagement-representative-remote-unitedhealth-group-optum-mp1lipmz","Provider Engagement Representative-Remote","UnitedHealth Group / Optum","Hartford, CT / Remote with CT-RI market travel","remote","full_time","Provider Relations / Medicaid Operations","Operations","15","Provider Data & Credentialing","summary:operations | db_category:Provider Relations / Medicaid Operations","Support provider engagement, facility relationships, education, issue resolution, and Medicare/Medicaid-related provider operations for UnitedHealth Group / Optum.","https://uhg.taleo.net/careersection/10000/jobapply.ftl?job=2354811"
"reporting-manager-medicaid-analytics-sme-remote-unitedhealth-group-optum-mp1m726","Reporting Manager - Medicaid Analytics SME- Remote","UnitedHealth Group / Optum","Schaumburg, IL / Remote","remote","full_time","Medicaid Analytics / Reporting","Data Science & Analytics","10","Government & Public Sector | Compliance, Risk & Regulatory | Medicaid Coverage & Eligibility","title:analytics | title:reporting","Lead Medicaid reporting and analytics work for a large enterprise Medicaid data warehouse and analytics program, with focus on CMS reporting, audit readiness, compliance, and data modernization.","https://uhg.taleo.net/careersection/10000/jobapply.ftl?job=2351463"
"medicaid-sme-business-analyst-unitedhealth-group-optum-mp1lszb8","Medicaid SME Business Analyst","UnitedHealth Group / Optum","Eden Prairie, MN / Remote","remote","full_time","Medicaid Business Analysis","Business Analyst","14","","title:business analyst | summary:requirements | text:workflow","Support Medicaid business analysis, requirements gathering, reporting, and operational improvements for a national healthcare organization.","https://uhg.taleo.net/careersection/10000/jobapply.ftl?job=2352977"